enunciados;modelos;datos;incognitas;solución
A la turbina de un ciclo Rankine ideal entra vapor sobrecalentado a 30 bar y 500 ºC y sale del condensador como líquido saturado a 0.1 bar. Determínese (a) el rendimiento térmico. (b) el flujo másico de vapor necesario en kg/h. (c) el flujo de calor suministrado al ciclo en MW, y (d) el flujo másico de agua de refrigeración en kg/h si ésta aumenta su temperatura desde 18 hasta 28 ºC. La potencia neta de salida e;Rankine;P3=30 bar, T3= 500 ºC, P4=0.1 ba;ntermico, fmvapor, qe, fm;x4=0.878, h4=2292.7 kJ/kg, ws=1163.8 kJ/kg, we= 3 kJ/kg, h2=194.8 kJ/kg, qe=3261.6 kJ/kg, nt=35.58%, fmvapor=3.11E5 kg/h, qe=281000 kW, fmaguaenf=15.56E6 kg/h
A un ciclo Brayton cuya relación de presiones es de 6:1 entra aire a 1.0 bar y 17 C. La turbina tiene una temperatura límite de 1000 К y el gasto másico es 3.5 kg/s. Determine: a) el trabajo del compresor y de la turbina, b) la eficiencia térmica, c) la producción de potencia, y d) el gasto volumétrico a la entrada del compresor. e) Si la adición de calor se efectúa mediante la quema completa de un combustible cuyo valor calorífico es 44000 kJ/kg, estime la relación de combustible y aire empleada en e;Joule;rk=6, P1= 1 bar, T1=17 ºC, T3=1000 K, fm=3.5 kg/s, cc=44000 kJ/k;we, ws, nt, potneta, fv, rcombaire;h1=290.2 kJ/kg, s2=2.182 kJ/kgK, T2=482 K, h2=484.6 kJ/kg, s3=2.96776 kJ/kg K, h3=1046 kJ/kg, h4=634 kJ/kg, we=194.4 kJ/kg, ws=412 kJ/kg, nt=0.388, potneta=761.6 kW, fv=174.51 m3/min, rcombaire=0.0127
A un ciclo Diesel de aire estándar se le suministran 1.659 kJ/kg de calor por ciclo. La presión y la temperatura al comienzo de la compresión son, respectivamente, 0.095 MPa y 27 ºC, y la presión después de la compresión es 3.60 MPa. Determínese (a) la relación de compresión, (b) la temperatura máxima del ciclo, en kelvin, (c) la relación de corte, (d) la presión después de la expansión isoentrópica, en megapascales, y (e) el trabajo neto, en kJ/kg. Utilíc;Diesel;qe=1.659 kJ/kg, P1=0.095 MPa, T1=27 ºC, P2=3.60 MP;rk, T3, rc, P4, wn;u1=214.09 kJ/kg, T2=819.71, h2=843.97 kJ/kg, P3=3.6 Mpa, h3=2502.53 kJ/kg, T3=2199.46 K, T4=133.48 K, u4=1053.05 kJ/kg, P4=0.4 Mpa, qs=838.98 kJ/kg, wn=820.02 kJ/kg, rk=13.86, rc=2.68
A un ciclo Diesel de aire estándar se le suministran 724 Btu/lbm de calor por ciclo. La presión y la temperatura al comienzo de la compresión son. respectivamente. 14.0 psia y 80 ºF. y la presión después de la compresión es 540 psia. Determínese (a) la relación de compresión, (b) la temperatura máxima del ciclo, en grados Rankine, (c) la relación de corte, (d) la presión después de la expansión isoentrópica, en psia, y (e) el flujo volumétrico de aire, medido en las condiciones existentes al comenzar la compresión, necesario para producir 150 hp. Utilí;Diesel;qe=724 Btu/lbm, k=1.4, P1=14 psia,T1=80 ºF, P2=540 psia, pot=150 h;rk, T3, rc, P4, fva;T2=1533.04 K, P3=540 psia, T3=5766.96 K, T4=1596.74 K, P4=89.45 psia, rk=13.58, rc=3.76, fm=3.13 lbm/s
A un motor Diésel ideal que funciona con 227 g de aire se le suministran 317 kJ/ ciclo, P1=97.91 KPa abs, T1=48.9 °C. Al final de la compresión, P2=3930 kPa abs. Suponga que el aire y los productos dentro del ciclo poseen las propiedades específicas del aire. Halle a) rk b) El porcentaje de espacio muerto c) rc d) W e) e f;Diesel;m=227 g, Wciclo=317 kJ/ciclo, P1=97.91 Kpa, T1=48.9 °C, P2=3930 kPa, R=287.08 J/KgK, k=1.;rk, c, rc, W, e, Pm;V1=0.214  m3, T2=924.879 K, V2=0.0153 m3, rk=13.987, V4=0.214  m3, VD=0.1987 m3, x=92.85 %, porcem=7.15, T3=2312.749 K, V3=0.038 m3, rc=2.484, W=79.25 kJ, e=0.569, Pm=1595.369 kPa
Al comienzo de la compresión adiabática de un ciclo Otto ideal, con una relación de compresión de 8, se tienen los siguientes valores: P1 = 1 bar, T1 = 300 K y V1 = 0.6 litros. La temperatura máxima del ciclo es de 2000 K. Calcular: a) la temperatura y la presión al final de cada proceso del ciclo, b) el calor absorbido, y c) el trabajo neto. (Tomar γ;Otto;rk=8,P1=1 bar, T1=300 K, V1=6, T3=2000 K;P2, T2, P3, T3, P4, T4, qe, wn;T2=689.22 K,P2=18.37 bar,P3=53.3 bar,T4=870.5 K, qe=6.55 kJ, wn=2.8 kJ
Al comienzo de la compresión adiabática de un ciclo Diesel ideal se tienen los siguientes valores: P1 = 95 kPa y T1 = 290 K. Al final del proceso de absorción de calor se tienen P3 = 6.5 MPa y T3 = 2000 K. Calcular: a) la relación de compresión, b) la relación de combustión, y c) el rendimiento. (Tomar ;Diesel;P1=95 kPa, T1=290 K, P3=6.5 Mpa, T3=2000 K;rk, rcomb, nt;rk=20.46, T2=969.92 K, rcomb=2.06, nt=0.647
"Al inicio de la compresión de un ciclo Otto estándar de aire la presión es de 14 psia y la temperatura es de 80°F. Al final de la compresión se ha incrementado por un factor de 15.3 y durante el proceso de combustión se agregan 497 BTU/lb de calor. Empleando las tablas de aire, determinar: a) La razón de compresión. b) La temperatura al final de la compresión en °R. c) La temperatura al final de la expansión en °R. d) El trabajo realizado durante la expansión en BTU/lb. e) El trabajo efectuado durante la compresión en BTU/lb.
f) La eficiencia tér";Otto;P1=14 psi, T1= 80 ºF, qe=497 Btu/lb;rk, T2, T4, ws, we, nt;T2=1177.41 R, T3=4083.84 R, T4=1873 R, nt=54.08 %, wn=268.68 Btu/lbm, we=109 Btu/lbm, ws=377.91 Btu/lbm, wn=268.91 Btu/lbm
Alguien ha sugerido que el ciclo de Otto de aire estándar es más preciso si los dos procesos isentrópicos se reemplazan por procesos politrópicos con un exponente politrópico n = 1.3. Considere un ciclo así con una relación de compresión de 8, p1 = 95 kPa, T1 = 15 ºC, y la temperatura máxima del ciclo es 1200 ºC. Determine el calor que se transfiere a este ciclo y que se rechaza de éste, así como la eficiencia térmica del ciclo. Use calores específicos constantes a temper;Otto;n = 1.3, rk=8, p1 = 95 kPa, T1 = 15 ºC, T3=1200 �;qe, nt;qe=835 kJ/kg, qs=- 420 kJ/kg, nt=49.8 %
Como caso concreto, consideraremos una central eléctrica de turbina de gas que opera en un ciclo Brayton ideal y tiene una relación de presión de 8. La temperatura del gas es de 300 K en la entrada del compresor y de 1300 K en la entrada de la turbina. Determinaremos la temperatura del gas a la salida del compresor y de la turbina, y la eficiencia de esta t;Joule;rk=8, T1=300 K, T3=1300 K;T2,T4,nturb;nt=44.8%, T2=543 K, T4=718 K
Considere un motor Diesel de cuatro tiempos y cuatro cilindros, de 1500 cm3 de desplazamiento, que tiene una relación de compresión de 16 y gira a 1500 RPM. El combustible empleado disipa 44427 J/g durante la combustión. Al iniciarse la compresión, el aire se encuentra a una presión de 1 bar y a una temperatura de 40 ºC. La relación aire/combustible (masa de aire/masa de combustible) es igual a 20. Suponiendo un Ciclo Diesel donde las propiedades del medio de trabajo son iguales a las del aire, calcule: a) Las presiones y temperaturas a lo largo de todo el ciclo. b) La eficiencia térmica del ciclo Diesel. c) El flujo de calor equivalente suministrado al ciclo durante el proceso de combustión isobárica. d) La potencia desarrollada por l;Diesel;rk=16, rev=1500 rpm, P1=1 bar, T1=40 ºC, qs=44427 J/g, rairecomb=2;T2, P2, T3, P3, T4, P4, nt, qe, potneta;v1=400 cm3, maire=0.445 g, P2=48.5 bar, T2=948.84 K, v2=25 cm3, P3=48.5 bar, qe=988.5 J, T3=3065 K, v3=80.76 cm3, v4=400 cm3, P4=5.16 bar, T4=1616.15 K, nt=56%, qe=49 kW, potneta=27.68 kW
Considere una central eléctrica de vapor que opera en el ciclo Rankine ideal simple. El vapor de agua entra a la turbina a 3 MPa y 350 ºC y es condensado en el condensador a una presión de 75 kPa. Determine la eficiencia térmica de este ci;Rankine;P3=3 Mpa, T3=350 ºC, P4=75 kP;ntermica;h1=384.44 kJ/kg, v1=0,001037 m3/kg, we=3.03 kJ/kg, h2=387.47 kJ/kg, h3=3116.1 kJ/kg, s3=6.7450 kJ/kg K, P4= 75 kPa,  s4=6.7450 kJ/kg K, x4=0.8861, h4=2403.0 kJ/kg, qe= 2728.6 kJ/kg, qs=2018.6 kJ/kg, nt=26%
Considere una central eléctrica de vapor que opera en un ciclo Rankine ideal simple y que tiene una salida de neta de potencia de 45 MW. El vapor entra a la turbina a 7 MPa y 500 °C, y se enfría en el condensador a una presión de 10 kPa mediante el agua de enfriamiento proveniente de un lago y que circula por los tubos del condensador a una tasa de 2000 kg/s. Muestre el ciclo en un diagrama T-s respecto de las líneas de saturación y determine a) la eficiencia térmica del ciclo, b) el flujo másico del vapor y c) el aumento de temperatura del agua de enfri;Rankine;P3=7 MPa, P2=7 MPa, T3=500 ºC, P4=10 kPa, P1=10 kPa, wn=45 MW, fmH2O=2000 kg/;nt, fmv, dtagua; h3=3410.5 kJ/kg, s3=6.798 kJ/kgK, s4=6.798 kJ/kgK, x4=0.8197, h4=2153.2 kJ/kg, ws=1247.3 kJ/kg, h1= 191.83kJ/kg, v1=0.001010 m3/kg, h2=198.89 kJ/kg, we=7.03 kJ/kg, wn=1240.27 kJ/kg, qe=3211.6 kJ/kg, qs=1961.8 kJ/kg, nt=38.6%, fmv=36.28 kg/s, dtH2O=8.51 º
Considere una planta eléctrica de vapor de agua que opera en un ciclo Rankine ideal simple y tiene una producción neta de potencia de 45 MW. El vapor entra a la turbina a 7 MPa y 500 ºC y se enfría en el condensador a una presión de 10 kPa mediante la circulación de agua de enfriamiento de un lago por los tubos del condensador a razón de 2.000 kg/s. Muestre el ciclo en un diagrama T-s con respecto a las líneas de saturación y determine a) la eficiencia térmica del ciclo, b) el flujo másico del vapor y c) la elevación de temperatura del agua de e;Rankine;wn=45 MW, P3=7 Mpa, T3=500 ºC, P4=10 kPa, fm=2000 kg/;nt, fmv, dtagua;h3=3410.5 kJ/kg, s3=6.798 kJ/kg K, s4=6.798 kJ/kg K, x4=0.8197, h4=2153.2 kJ/kg, ws=1247.3 kJ/kg, h1=191.83 kJ/kg,  ve1=0.001010 m3/kg, h2=198.89 kJ/kg, wbomb=7.03 kJ/kg, wn=1240.27 kJ/kg, qe=3211.6 kJ/kg, nt=38.6%, fmv=36.28 kg/s, dtagua=8.51 º
Considérese un ciclo Otto de aire estándar que tiene una relación de compresión de 8.0 y al que se le suministra una cantidad de calor de 1.188 kJ/kg. Si la presión y la temperatura al comienzo del proceso de compresión son 0.098 MPa y 27 ºC. determínese utilizando los valores de la Tabla A.5 (a) las presiones y temperaturas en el ciclo, (b) el trabajo neto de salida en kJ/kg, (c) el rendimiento térmico, y (d) la presión media efecti;Otto;rk= 8.0, qe=1.188 kJ/kg, P2=0.098 MPa, T2=27 º;P1, T1, P3, T3, P4, T4, wn, nt, pme;P2=17.6 MPa, T2=673 ºC, P3=52.3 MPa, T3=2000 ºC, P4=3.41 Mpa,  T4=1043 ºC, wn= 606 kJ/kg, nt=0.51, pme=0.788 
Considérese un ciclo Otto de aire estándar que tiene una relación de compresión de 8.3 y al que se le suministra una cantidad de calor de 1.456 kJ/kg. Si la presión y la temperatura al comienzo del proceso de compresión son 0.095 MPa y 7 ºC, determínese utilizando los valores de la Tabla A.5 (a) la presión y temperatura máximas del ciclo, (b) el trabajo neto obtenido, en kJ/kg. (c) el rendimiento térmico, y (d) la presión media efectiva en m;Otto;rk= 8.3, qe=1.456 kJ/kg, P1=0.095 Mpa, T1=7 º;P3, T3, wn, nt, pme;P2=1838.37 kPa, T2=652.814 K, qe=1456 kJ/kg, T3=2680.669 K, P3=7548.95 kPa, P4=390.101 kPa, T4=1149.773 K, wn=831.503 kJ/kg, nt=57.11, v1=0.846 m3/kg, pme=1117.503 kPa
Determinar el rendimiento teórico de un ciclo Diesel que opera con una presión máxima de 40 kgf/cm2 y una presión de entrada de 1 kgf/cm2. La temperatura de ingreso es 50 ºC y la relación de compresión volumétrica r1 = 13.34. La combustión aporta;Diesel;P2=40 kgf/cm2, P1=1 kgf/cm2, T1=50 ºC, rcv=13.34, qs=400 ca;nt;T2=654 ºC, nt=56%, T3=2301 
Determinar la temperatura media de los humos a la salida del escape de un motor de combustión interna que funciona según el ciclo Otto si la temperatura del aire al entrar al cilindro es t1 = 50 ºC y al salir del cilindro es t4 = 675 ºC. Suponer que el exponente adiabático de los humos es igual al del aire, es decir,;Otto;T1 = 50 ºC, T4 = 675 ºC, ea=1;Tmh;Tmh=486 º
El aire a la entrada de un ciclo de Otto cuya relación de compresión es 8:1 se encuentra a 0.98 bares y 27 ºC. Se suministran 1430 kJ/kg de calor. Determine: a) la presión y la temperatura al final de cada uno de los procesos del ciclo, a) la eficiencia térmica, c) la presión media eficaz del ciclo, y d) el gasto volumétrico del aire, medido a las condiciones de comienzo de la compresión, necesario para produci;Otto;r = 8, P1 = 0.98 bar, T1 = 27 ºC, qe=1430 kJ/kg, pots=80 h;P2, T2, P3, T3, P4, T4, nt, pme, fva;P2=17.6 bar, u3=1921 kJ/kg, P3=58.8 bars, v4=14.91 m3/kg, P4=3.85 bar, nt=0.504, v1=0.8776 m3/kg, v2=0.1097 m3/kg, wn=721 kJ/kg, pme=9.38 bar, fv=4.36 m3/min
El aire al inicio de compresión de un ciclo Otto estándar de aire esta a 14 psi y 80°F, el volumen del cilindro es de 0.2 ft3. El radio de compresión 9, y se agregan 9.2 BTU durante el proceso de adición de calor. Calcular: a) Las temperaturas y presiones después de los procesos de compresión y adición de calor. b) La eficiencia;Otto;P1=14 psi, T1=80 ºF, v1=0.2 ft3, rk=9, qe=9.2 Bt;T2, P2, T3, P3, nt;nt=58.47 %, T2=840.26 ºF, P2=303.43 psi, V2=0.022 ft3, T3= 4683.2 °F, P3=1200.22 p
En el caso de un motor de tipo Otto ideal con 17 % de un espacio muerto y una presión inicial de 93.08 k Pa abs, halle la presión al final de la compresión, empleando propiedades para estándar de aire de la sección B1, si la presión al final del calentamiento a volumen constante es 3447.4 kPa abs, ¿cuál es la p.m.e;Otto;v2=17%, P1=93.08 kPa, P3=3447.4 kPa;P2, pme;rk=6.88235, P2= 1385.75939 kPa, P4=231.55823 kPa, pme=471.16852 kPa
En el diagrama se muestra un ciclo ideal y reversible de Brayton que utiliza aire. La relación de presiones es de 5 y la temperatura a la entrada de la turbina es T3 = 900 [ºC], se sabe que la presión y la temperatura del aire a la entrada del compresor son P1 = 105 [Pa] y T1 = 40 [ºC] respectivamente. Determine para el ciclo: a) El volumen específico del aire a la entrada y a la salida del quemador. b) El trabajo, asociado a cada unidad de masa, que recibe el compr;Joule;rp=5, T3=900 ºC, P1=105 Pa, T1=40�;vesp2, vesp3,  we;v3=0.6726 m3/kg, v1=0.89737 m3/kg, v2=0.2842 m3/kg, wc=-130993 J/kg
En un ciclo Brayton de aire estándar, la relación de presiones es 6.0. y las condiciones de entrada al compresor son 15 psia y 40 ºF. La temperatura de entrada a la turbina está limitada a 1.440 ºF. y el flujo másico es 10 lbm/s. Los rendimientos adiabáticos del compresor y la turbina son 0.80 y 0.85, respectivamente. Determínese (a) el trabajo del compresor y el de la turbina, en Btu/lbm, (b) el rendimiento térmico, (c) la potencia neta obtenida, en hp, y (d) el flujo volumétrico a la entrada del compresor, en ft3/min. Utilícense los valores de la Tabla A.51. (Véase el Probl;Joule;P1=15 psia, T1=40 ºF, T3=1440 K, fm=10 lbm/s, nc=0.8, nt=0.8;we, ws, nt, potneta, fv2;we=80.1 Btu/lbm, ws=187.3 Btu/lbm, nt=0.385, potneta=1.515 hp, fv=7400 ft3/min
En un ciclo Brayton simple de aire normal se tiene una relación de presiones de 12, una temperatura a la entrada del compresor de 300 K y una temperatura a la entrada de la  turbina de 1000 K. Determine el flujo másico requerido de aire para una salida de potencia neta de 30 MW suponga que tanto el compresor como la turbina tienen una eficiencia isoentrópica de 80%. Considere los calores específicos constantes a temperatura ambiente. En caso de que se pudiera hacer regeneración, ¿Qué cantidad de calor se podría aprovechar? E;Joule;rk=12, T1=300 K, T3=1000 K, wn=30 MW, ncomp=80%, nturb=80%;fmaire, qs;T2s=610.18 K, T2=687.73 K, T4s=491.66,T4=593.33, fm=1578.4 kg/s
En un ciclo de Diesel reversible, que utiliza aire, la relación de compresión es de 20 y el calor transferido al fluido, en cada ciclo, es 1 800 [kJ/kg]. Si al inicio del proceso de compresión las condiciones del fluido son 15 [°C] y 0.1 [MPa], determine: a) El volumen especifico mínimo del fluido en el ciclo. b) La presión al inicio de la expansión adia;Diesel;rk=20, qe=1800 kJ/kg, T1=15 ºC, P1= 0.1 MP;v2, P2;v1=0 8257 m3/kg,v2=0 0413, P2=6628908.035 Pa
En un ciclo de Rankine básico, el agua entra en la turbina a 25 [bar] y sale a 1 [bar], entra en la bomba con una densidad de 10^3 [kg/m3] como líquido saturado y en la caldera recibe 2 000 [kJ/kg]. Si la eficiencia del ciclo es 0.3, determine el trabajo, asociado a cada unidad de masa, de la bomba y de la turbina. Considere que ambos equipos son adiabáticos y que las variaciones de energía cinética y potencial gravitatoria son despreci;Rankine;P3=25 bar, P4=1 bar, densidad4=1000 kg/m3, qe=2000 kJ/kg, nt=0.3;we, ws;we=2400 kJ/kg, ws=-602400 J/kg, qe=600000 J/kg,
En un ciclo de Rankine se sabe que la turbina desarrolla trabajo en cada unidad de masa de 521.8 [kJ/kg] cuando la entalpía específica del vapor a la entrada es 2 675.8 [kJ/kg]. La presión del agua a la entrada de la caldera es 1 100.32 [kPa] y en ella recibe una cantidad de calor, asociado a cada unidad de masa, de q = 2 592.2 [kJ/kg]. Si la presión y el volumen específico del agua en la entrada de la bomba son 2.34 [kPa] y 0.001 [m3/kg] respectivamente, determine: b) El trabajo neto, asociado a cada unidad de masa, que entrega el ciclo. c) La entalpía específica de la sustancia de trabajo cuando entra al condensador y la eficiencia del;Rankine;P1=1100.32 kPa, P4=1100.32 kPa, P2=2.31 kPa, P3=2.31 kPa, P3=2.34 kPa, v3=0.001 m3/kg, v4=0.001 m3/kg, qe=2592.2 kJ/kg, ws=521.8 kJ/kg;wn, h4, nt;we=1097.98 J/kg, wn=-520703 J/kg, h2=2154000 J/kg nt=20%
En un ciclo Otto de aire estándar, el aire se encuentra a 0.095 MPa y 22 ºC al comenzar la carrera de compresión, y el volumen del cilindro es 2800 cm3. La relación de compresión es 9, y en el proceso de suministro de calor se transfieren 4.30 kJ. Utilizando los valores de la Tabla A.5, determínese (a) la temperatura y la presión al final de los procesos de suministro de calor y de expansión. (b) el rendimiento térmico, (c) la presión media efectiva, y (d) el flujo volumétrico de aire, en m3/min, medido en las condiciones existentes al comenzar la compresión, necesario para producir una potenci;Otto;P1= 0.095 Mpa, T1=22 ºC, Vcil=2800 cm3, rk=9, qe=4.30 kJ, wn=120 k;P2, T2, P3, T3, P4, T4, nt, pme, fva;u1=210.49, T2=692.03 K, P2=2.01 MPa, T3=2626.11 K, P3=7.6 MPa, u3=2282.32 kJ/kg, T4=1333.1 K, P4=0.39 MPa, nt=52.58, wciclo=2.78E-6, pme=1.118, fm=0.405 kg/s, fva=21.656 m3/min
En un ciclo Otto de aire estándar, el aire se encuentra a 14.0 psia y 80 ºF al comenzar la carrera de compresión, y el volumen del cilindro es 0.20 ft3. La relación de compresión es 9, y en el proceso de suministro de calor se transfieren 9.20 Btu. Utilizando los valores de la Tabla A.5I, determínese (a) la temperatura y la presión al final de los procesos de suministro de calor y de expansión, (b) el rendimiento térmico, (c) la presión media efectiva en psi, y (J) el flujo volumétrico de aire, en ft3/min, medido en las condiciones existentes al comenzar la compresión, necesario para producir una potenci;Otto;P1=14.0 psia, T1=80 ºF, vcil=0.20 ft3, rk=9, qe=9.20 btu, wn=120 h;P2, T2, P3, T3, P4, T4, nt, pme, fv;P2=4270 psia, T2=995 ºF, nt=0.522, pme=146 psi, fva=212 ft3/mi
En un generador de potencia que opera con el ciclo Rankine entra agua al generador de vapor a 100 bares y sale del condensador a 0.10 bares y 45 ºC. En el condensador circula agua de enfriamiento a razón de 1.31E6 kg/h, sufriendo una elevación de temperatura de 8.5 ºC. Determine: a) la entalpia y la entropía a la salida de la turbina, b) la entalpia a la entrada de la turbina, c) el calor suministrado, d) la eficiencia térmica, y e) la potencia de la turbina. Considere que el flujo másico de vapor es de 2374;Rankine;P3=100 bar, P4=0.1 bar, T = 45 ºC, fma=1.31E6 kg/h, dT=8.5 ºC, fmv=23740 kg; h4, S4, h3, qe, nt, pots;"h1=188.5 kJ/kg, h4 = 2149.1 kJ/kg, h1 = 188.45 kJ/kg, hg=2583.2 kJ/kg
hfg=2394.8 kJ/kg, x4 = 0.818, s4 = 6.7850 kJ/kg K, T3=560 ºC, h3=3526 kJ/kg K, we=10.1 kJ/kg, h2=198.6 kJ/kg, qe=3327.4 kJ/kg, t=0.411, potneta=9080 k"
En un motor de ciclo Otto la temperatura de la mezcla de aire-combustible es de 28 ºC y la temperatura al final de la compresión es de 290 ºC. Asumiendo k = 1.4 determinar r y el rendimien;Otto;T1=28 ºC, T2=290 ºC, k=1;r, nt;rk=4.785, nt=46.5 %
La presión y la temperatura al inicio de la compresión en un ciclo estándar de aire de OTTO son 101kPa y 300 K, respectivamente. La razón de compresión es de 8 y la cantidad de calor agregado es de 2000 kJ por kilogramo de aire. Determinarse: a) La eficiencia térmica del ciclo b) La temperatura máxima durante el ciclo c) La presión máxima durante;Otto;P1=101 kPa, T1=300 K, rk=8, qe=2000 kJ/kg;nt, T3, P3;nt=0.565, T2=690 K, T3= 3480 K, P2=1854.4 kPa, P3=9371.9 kPa
La presión y la temperatura al inicio de la compresión en un ciclo estándar de aire de OTTO son 101kPa y 300 K, respectivamente. La razón de compresión es de 8 y la cantidad de calor agregado es de 2000 kJ por kilogramo de aire. Determinarse: La presión efectiva media;Otto;P1=101 kPa, T1=300 K, rk=8, qe=2000 kJ/kg;pme;wn=1130 kJ/kg, ve4=0.85247 m3/kg, ve1=0.10656 m3/kg, pme=1515 kPa
La presión y la temperatura al inicio de la compresión en un ciclo estándar del aire del diésel son 101 kPa y 300 K, respectivamente. La razón de compresión es de 15 y la cantidad de calor agregado es de 2000 kJ por kilogramo de aire. Determinar la presión efectiva;Diesel;P1=101 kPa, T1=300 K, rk=15, qe=2000 kJ;pme;wn=1096 kJ/kg, pme=1378 kPa
La presión y la temperatura al inicio de la compresión en un ciclo estándar del aire del diésel son 101 kPa y 300 K, respectivamente. La razón de compresión es de 15 y la cantidad de calor agregado es de 2000 kJ por kilogramo de aire. Determinar: a) La presión máxima durante el ciclo b) La temperatura máxima durante el ciclo c) La eficiencia térmica;Diesel;P1=101 kPa, T1=300 K, rk=15, qe=2000 kJ;P2, P3, T3, nt ;v1=0.85247 m3/kg, v4=0.85247 m3/kg, T2=886 K, P2=4474.3 kPa, P3=4474.3 kPa, T3=2878 K, ve3=0.18460 m3/kg, T4=1561 K, nt=0.548
La relación de compresión de un ciclo de Otto de aire estándar es 9.5. Antes del proceso de compresión isentrópica, el aire está a 100 kPa, 35 ºC y ocupa un volumen de 600 cm3. La temperatura al final del proceso de expansión isentrópica es de 800 K. Usando valores de calores específicos a temperatura ambiente, determine: a) la temperatura más alta y la presión más alta en el ciclo. b) la cantidad de calor transferido al fluido de trabajo, en kJ. c) la eficiencia térmica. d) la presión ;Otto;rk=9.5, P1=100 kPa, T1=35 °C, v1=600 cm3, T2=800 ;P3, T3, qe, nt, pme;T3=1968.7 K, p3=6072.3 kPa, qe=0.59 kJ, nt=59.4 %, pme=652 kPa
La relación de compresión de un ciclo Otto es 8:1. Antes de comenzar la carrera de compresión en el ciclo la presión es 0.98 bar y la temperatura 27 ºC. Durante el suministro de calor el valor de P3/P2  es 2.90. Utilizando los datos de la Tabla A.5, determínese (a) la presión y la temperatura al final de cada proceso del ciclo, (b) el rendimiento térmico, (c) la presión media efectiva, en bar, y (d) el flujo volumétrico de aire, en m3/min, medido en las condiciones existentes al comenzar la compresión, necesario para produ;Otto;rk=8,  P1=0.98 bar, T1=27 ºC, rp23= 2.9;P2, T2, P3, T3, P4, T4, nt, pme, fva;u1=214.07 kJ/kg, v1=0.877 m3/kg, T2=673.08 K, P2=17.59 bar,v2=0.109 m3/kg, P3=51.011 bar, T3=1951.9 K, u3=1632.479 kJ/kg, T4=1014.28 K, u4=735.278 kJ/kg, P4=3.315 bar,nt=56.4, qe=1141.264 kJ/kg,qs=521.208 kJ/kg, pme=8.073 bar, fm=0.432 kg/s, fva=22.824 m3/min
La relación de compresión de un ciclo Otto es 8:1. Antes de comenzar la carrera de compresión en el ciclo la presión es 0.98 bar y la temperatura 27 ºC. El calor suministrado al aire en cada ciclo es 1.430 kJ/kg. Utilizando los datos de la Tabla A.5, determínese (a) la presión y la temperatura al final de cada proceso del ciclo. (b) el rendimiento térmico. (c) la presión media efectiva, en bar, y (d) el flujo volumétrico de aire, en m3/min, medido en las condiciones existentes al comenzar la compresión, necesario para produ;Otto;rk=8,  P1=0.98 bar, T1=27 ºC, qe=1.430 kJ/kg, wn=120 k;P2, T2, P3, T3, P4, T4, nt, pme, fva;v1=0.877 m3/kg, T2=673 K, P2=17.59 bar, u3=1921.21 kJ/kg, T3=2250 K, P3=58.80 bar, u4=922.49 kJ/kg, T4=1188 K, P4=3.816 bar, qs=708.42 kJ/kg,fm=0.432 kg/s, fv=22.74 m3/min, nt=56.5, pme=9.39,fva
La relación de compresión de un ciclo Otto es 8:1. Antes de comenzar la carrera de compresión en el ciclo la presión es 14.5 psia y la temperatura 80ºF. El calor suministrado al aire es 888 Btu/lbm por ciclo, utilizando los datos de la Tabla A.51, determínese (a) la presión y la temperatura al final de cada proceso del ciclo. (b) el rendimiento térmico, (c) la presión media efectiva, en psi, y (d) el flujo volumétrico en ft3/min, medido en las condiciones existentes al comenzar la compresión, necesario para produ;Otto;rk=8,  P1=14.5 psia, T1=80ºF, qe= 888 Btu/lbm, wn=110 h;P2, T2, P3, T3, P4, T4, nt, pme, fva;nt=0.5647, T2=780.52 ºF, P2=266.5 psi, T3=5973.5 ºF, ve2=1.7242 ft3/lbm, ve3=1.7242 ft3/lbm, P3=1382.134 psi, T4=2340.34 ºF, v1=13.794 ft3/lbm, v4=13.794 ft3/lbm, P4=75.2 psi, qs=386.518 Btu/lbm, wn=501.481 Btu/lbm, potmedia=224.55 
La relación de presiones en un ciclo Brayton de aire estándar es 4.5, y las condiciones de entrada al compresor son 0.10 MPa y 27 ºC. La temperatura de entrada a la turbina está limitada a 827 ºC, y el flujo másico es 4 kg/s. Determínese (a) el trabajo del compresor y de la turbina, en kJ/kg, (b) el rendimiento térmico, (c) la potencia neta de salida, en kW, y (d) el flujo volumétrico a la entrada del compresor, en m3/min. Para los valores del aire utilícese la ;Joule;rk=4.5,P1=0.10 Mpa, T1=27 ºC, T3=827 ºC, fm=4 kg;we, ws, nt, wn, fv1;we=162 kJ/kg, ws=395 kJ/kg, nt=0.33, potneta=932 kW , fv=206 m3/min
La relación de presiones en un ciclo Brayton de aire estándar es 7.2:1, y las condiciones de entrada son 1.0 bar y 17 ºC. La temperatura de entrada a la turbina está limitada a 1.260 K. y el flujo másico es 3.5 kg/s. Determínese (a) el trabajo del compresor y de la turbina, en kJ/kg, (b) el rendimiento térmico, (c) la potencia neta de salida, en kW, y (dZ) el flujo volumétrico a la entrada del compresor, en m3/min. Para los valores del aire utilícese la T;Joule;rk=7, P1=1.0 bar, T1=17 ºC, T3=1260 K, fm=3.5 kg/;we, ws, nt, wn, fv2;we=262 kJ/kg, ws=497 kJ/kg, nt=0.294, wn=820 kW, fv=175 m3/min
La turbina de una planta eléctrica de vapor que opera en un ciclo Rankine ideal simple produce 1750 kW de potencia cuando la caldera opera a 800 psia, el condensador a 3 psia, y la temperatura a la entrada de la turbina es 900 °F. Determine la tasa de suministro de calor en la caldera, la tasa de rechazo de calor en el condensador y la eficiencia térmica del cic;Rankine;pots= 1750 kW, P2=800 psia, P4=3 psia, T3=900 º;qe,qs, nt;h1=109.40 Btu/lbm, ve1=0.01630 ft3/lbm, we=2.40 Btu/lbm, h2=111.81 Btu/lbm, P3 = 800 psia, h3= 1456 Btu/lbm, s3= 1.6413 Btu/lbm R, x4=0.8549, h4=975.24 Btu/lbm, fm=3.45 lbm/s, qe=463 Btu/s, qs=987 Btu/s, nt=35.6%
Las condiciones de entrada a un ciclo Diesel de aire estándar que funciona con una relación de compresión de 1.5 son 14.4 psia y 60 ºF. La relación de corte es (a) 2.84, y (b) 2.0. Determínese (1) la presión y la temperatura al final de cada proceso del ciclo, y (2) el rendimiento térmico y la presión media efectiva. Úsese la T;Diesel;rk=1.5, P1=14.4 psia, T1=60 ºF, rc1=2.84, rc2=2.;P2, T2, P3, T3, P4, T4, nt, pme;u1=205.87 kJ/kg, u2=174.95 kJ/kg, T2=245.39 K, P2= 174.95 kPa, P3=174.95 kPa,T3=696.91 K, u3=509.88 kJ/kg,T4=874.51 K, P4=415.82 kPa,nt,pme
Las condiciones de entrada a un ciclo Diesel de aire estándar que funciona con una relación de compresión de 15:1 son 0.95 bar y 17 ºC. Al comienzo de la compresión el volumen del cilindro es 3.80 L, y el suministro de 7.5 kJ de calor al sistema tiene lugar en un proceso a presión constante. Determínese (a) la presión y la temperatura al final de cada proceso del ciclo, y (b) el rendimiento térmico y la presión media;Diesel;rk=15, P1=0.95 bar, T1=17 ºC, vcil=3.80 L, qe=7.5 k;P2, T2, P3, T3, P4, T4, nt, pme;u1=206.91 kJ/kg, u2=842.396 kJ/kg, P2=4058.2 kPa, h3=2571.702 kJ/kg, T3=2254.19 K, u3=2571.702 kJ/kg, P3=4058.2 kPa, T4=967.497 K, u4=731.377 kJ/kg, h4=1009.059 kJ/kg, P4=116.321 kPa, wn=1204.899 kJ/kg, qe=1729.306 kJ/kg, nt=69.68, pme=1473.3963 kPa
Las condiciones de entrada para un ciclo Diesel teórico operando con una razón de compresión de 15, son 14.4 psia y 60°F. Al inicio de la compresión el volumen del cilindro es de 270 in2, y se añaden  9 BTU de calor al gas durante el proceso de calentamiento a presión constante. a) Calcular la presión y temperatura al final de cada proceso del ciclo. b) Determinar la eficiencia térmica y la presión media;Diesel;rk=15, P1=14.4 psi, T1=60 ºF, v1=270 pulg3, qe=9 Bt;P2, T2, P3, T3, P4, T4, nt, pme;T2=1536.172 R, P2=638.10 psi, T3=4746.4 R, ve1=13.37 ft3/lbm, T4=2522.968 R, nt=55.43 %, qs=342.5 Btu/lbm, pme=185.335 psi
Para un ciclo Otto con 8.3 de relación de compresión y 1213 kJ/kg de suministro de calor, determine: a) la presión y la temperatura máxima del ciclo, b) la producción de trabajo neto, c) la eficiencia térmica, y d) la presión media eficaz. Considere que la presión y la temperatura al comienzo del proceso de compresión son 0.095 MP;Otto;r = 8.3, qe=1213 kJ/kg, P1=0.095 MPa, T1=7 º;P3, T3, wn, nt, pme;u1=199.8 kJ/kg, T2=640 K, u2=465 5kJ/kg, P2=1.8 Mpa, u3=1 678.5 kJ/kg, T3=2000 K, P3=5.63 Mpa, T4=1030 K, u4 = 784.9 kJ/kg, qs=585.1 kJ/kg, wn= 628 kJ/kg, T3=2000 K, nt=0.528, pme=0.845 Mpa
Se tiene un ciclo de Otto de aire, estándar, con una relación de compresión de 7, en el que la presión al inicio de la compresión es 90 [kPa] y la temperatura es 18 [°C]. Si el calor, asociado a cada unidad de masa suministrado en el proceso de la combustión es 180 [kJ/kg], determine: b) La presión máxima alcanzada. c) La temperatura máxima en;Otto;rk=7, P1=90 kPa,T1=18 ºC, qe=180 kJ/k;P3, T3;v1=0 927 m3/kg, p2=1372081.05 Pa, T2=633.77 K, T3=884.82 K, P3=1915582.75 Pa
Se tiene un ciclo reversible de Otto, en un motor que opera con 0.004 [kg] de aire como gas ideal. Se sabe que la presión máxima en el ciclo es 18 [bar] y su temperatura máxima 750 [K]. El volumen al inicio de la compresión adiabática es 0.0019 [m3] y la temperatura 20 [°C], determine: b) La temperatura y el volumen al final de la compresión. c) La variación de entropía del inicio de la compresión hasta que alcanza la presi;Otto;m=0.004 kg, P3=18 bar, T3=750 K, v1=0.0019 m3, T1=20 º;T2, v2, ds23;v3=477.83E^6 m3, v2=477.83E^6 m3, p1=176848.63 Pa, p2=1221433.2 Pa, T2=508.93 K, ds12=0 J/K, ds23=1.112 J/K, ds13=1.112 J/K
Sea un ciclo Joule-Brayton ideal operando entre las temperaturas máxima de 1000 K y mínima de 288 K y con una relación de presiones de 6. Calcular: a) el rendimiento, b) la razón entre la suma de los trabajos en los procesos adiabáticos y el trabajo en el proceso adiabático de expansión. (Tomar �;Joule;T3=1000 K, T1=288 K, rpresion=6;nt, razonw;nt=0.401,T2=405.53 K,T4=599.33,razonw=0.128
Suponga un motor de gasolina de cuatro tiempos, de 1400 cm³ de cilindrada que se puede modelar mediante un ciclo Otto ideal con una relación de compresión de 8. Al inicio de la fase de compresión, el aire está a 100 kPa y 17°C. En la combustión se añaden 800 kJ/kg de calor. Determine la temperatura y la presión máximas que se producen en el ciclo, la salida de trabajo neto y el rendimiento de este motor. Si este motor trabaja a 3000rpm, ¿cuánto es la ;Otto;ciclindrada=1400 cm3, rk=8, P1=100 kPa, T1=17°C, qe=800 kJ/kg, rev=300;T3,P3,wn,nmotor,potneta;v1=1600 cm3, v2=200 cm3, P2=1840 kPa,T2=666 K, m=1.92 g, qe=1540 J, T3=1780 K, P3=4920 kPa, P4=267 kPa, T4=775 K, qs=669 J, wn=868 J, nt=56.4 %, potneta=21.7 kW
Suponga una máquina térmica que opera con un ciclo de Otto el cual funciona con aire como gas ideal. El gas entra (estado 1) a 100 [kPa] y 26 [°C], la relación de compresión, es decir, V1/V2 = 12 y la temperatura máxima que alcanza es 1850 [°C]. Considerando el ciclo como reversible, determine: b) La variación de entropía especifica entre el estado que corresponde al inicio de la compresión adiabática y el que corresponde a la temperatura máxima alcanzada por el aire. c) La eficiencia máxima que se podría tener si, entre los depósitos térmicos del problema, el ciclo que se utiliza ;Otto;P1=100 kPa, T1=26 ºC, rk=12, T3=1850 �;ds13,nt;v1=0 8572 m3/kg, p2=3242304.09 Pa, T2=807.87 K, ds12=0 J/kg K, ds23 = 692.75 J/kg K, ds13 = 692.75 J/kg K, n=85.91%
Supongamos un ciclo Otto ideal con una relación de compresión de 8. Al inicio de la fase de compresión, el aire está a 100 kPa y 17°C. En la combustión se añaden 800 kJ/kg de calor. Vamos a determinar la temperatura y la presión máximas que se producen en el ciclo, la salida de trabajo neto y el rendimiento de;Otto;rk=8, P1=100 kPa, T1=17 ºC, qe=800 kJ/k;T3, P3, wn, nmotor;T2=666, T3=1782 K, p3=4.9 MPa, nt=56.5%, wn=452 kJ/kg, T4=776 K, we=270 kJ/kg, ws=722 kJkg, wn=452 kJ/kg
Trace un ciclo Otto en los planos PV y TS, estando en el punto 1 al principio del proceso de compresión isentrópica. Estos datos se aplican al ciclo con el estándar del aire: P1= 101.4 KPa abs., T1=333.3 K, V1=283 litros, rk=5, T3=2000K. Obtenga: a) w b) P2,  V2,  T2 c) P3 d) P4, T4 e) QA f) QR g) e (eficiencia) h) c (Porcentaje de coeficiente de espacio muerto) i) la parte de QA, que no está disponible (T0=T1=333.;Otto;P1=101.4 kPa, V1=283 litros, rk=5, T1=333.3 K, T3=2000 K, T0=333.3 K, Cvaire=0.7186, kaire=1.4;w, P2,  V2,  T2, P3, P4, T4, QA, QR, e, c;w12=-64829 kJ, w34=204349 kJ, wn=139.520 kJ, v2=56.6 L, P2=965.153 kPa, T2=634.4878 K, P3=3042.30 kPa, v4=0.283 m3, v3=0.0566 m3, T3= 2000 K, P4=319.627 kPA, T4=1050.611 K, qe=981.257 J/g, qs=515.459 J/g, nt=47.47%, c=25%, qnd=274.977 J/g, qndporcqe=28.023%
Un ciclo Brayton de aire estándar funciona con una relación de presiones de 7 y unas temperaturas mínima y máxima de 300 y 1200 K. Con unos rendimientos adiabáticos del compresor y la turbina de 0.81 y 0.86, respectivamente, y con un flujo volumétrico de aire a la entrada de 30 m3/min. determínese (a) la relación de acoplamiento, (b) el rendimiento térmico, y (c) la potencia neta desarrollada, en kilovatios. (Véase el Proble;Joule;rk=7, T1=300 K, T3=1200 K, ncomp=0.81, nturb=0.86;racoplamiento, nt, potneta;racoplamient=0.42, nt=0.407, potneta=171 kW
Un ciclo de Diesel reversible funciona con aire considerado como gas ideal, el cual entra a 77000 [Pa] y 21 [ºC]. La relación de compresión es 18 y la temperatura máxima que alcanza es 2000 [°C], determine en el proceso isobarico: b) La presión del aire. c) La variación de entropía esp;Diesel;P1=77000 Pa, T1=21 ºC, rc=18, T3=2000 �;P2, ds13;v1=1.0947 m3/kg, p2=4404252.73 Pa, T2=934.235 K, ds12=0  J/kg K,ds23=892.42 J/kg K, ds13=892.42 J/kg K
Un ciclo de Otto ideal con aire como fluido de trabajo tiene una relación de compresión de 8. Las temperaturas mínima y máxima del ciclo son 300 y 1340 K. Teniendo en cuenta la variación de calores específicos con la temperatura, determine: a) la cantidad de calor transferido al aire durante el proceso de adición de calor. b) la eficiencia térmica. c) la eficiencia térmica de un ciclo de Carnot que opera entre los mismos límites de t;Otto;rk=8, T1=300 K, T3=1340 K;qe, nt, ncarnot;qe=567,72 kJ/kg, nt=53 %, ntc=77,6 %
Un ciclo de Otto ideal con aire como fluido de trabajo tiene una relación de compresión de 8. Las temperaturas mínima y máxima del ciclo son 540 y 2.400 R. Teniendo en cuenta la variación de calores específicos con la temperatura, determine a) la cantidad de calor transferido al aire durante el proceso de adición de calor, b) la eficiencia térmica y c) la eficiencia térmica de un ciclo de Carnot que opera entre los mismos límites de te;Otto;rk=8, T1=540 R, T3=2400 R, P1= 100 kPa;qe, nt, ncarnot;T2=689.22 K, P2=1837.92 kPa, qe=461.5 kJ/kg, T4=580.36 K, qs=200.88 kJ/kg, nt=56.7%
Un ciclo de Otto ideal tiene una relación de compresión de 8. Al inicio del proceso de compresión el aire está a 100 kPa y 17 ºC, y 800 kJ/kg de calor se transfieren a volumen constante hacia el aire durante el proceso de adición de calor. Tome en cuenta la variación de los calores específicos del aire con la temperatura y determine a) la temperatura y presión máximas que ocurren durante el ciclo, b) la salida de trabajo neto, c) la eficiencia térmica y d) la presión media efectiva ;Otto;rk=8, P1=100 kPa, T1=17 ºC, qe=800 kJ/k;P2,T2,P3,T3,P4,T4,wn,nt,pme;u1=206.91 kJ/kg, T2=652.4 K, u2=475.11 kJ/kg, u3=1275.11 kJ/kg, T3=1575.1 K, P3=4.345 Mpa, T4=795.6, u4=418.17 kJ/kg, nt=56.5%, v1=0.832 m3/kg, pme=574 kPa
Un ciclo de Otto, con una relación de compresión de 7.5, funciona a partir de condiciones de admisión de 97.91 kPa abs., 29.4 ºC. Calcule la presión y la temperatura al final de la compresión (a) si el aire frío (k = 1.4) es la sustancia de trabajo. Determine la eficiencia térmic;Otto;rk=7.5, P1= 97.91 kPa abs, T1=29.4 º;P2,T2,nt;v1=0.887 m3/kg, v2=0.1183 m3/kg, T2=676.132 K, P2=1640.777 kPa, nt=55.33%
Un ciclo Diesel de aire estándar funciona con una relación de compresión de 14.8 y una relación de corte de 2. La temperatura y presión al comienzo de la compresión son 100 ºF y 14.5 psia, respectivamente. Determínese (a) la temperatura máxima del ciclo, en grados Rankine, (b) la presión después de la expansión isoentrópica, en psia, y (c) el calor suministrado por ciclo, en Btu/lbm. Utilícense los valores de ;Diesel;rk=14.8, rc=2, T1=100 ºF, P1=14.5 psi;T3, P4, qe;P2=630.572 psia, T2=1644.511 R, T3=3289.021 R, P3=630.572 psia, P4=38.26 psia, qe=894.73 btu/lbm
Un ciclo Diesel de aire estándar funciona con una relación de compresión de 16.7 y una relación de corte de 2. La temperatura y presión al comienzo de la compresión son 37 ºC y 0.10 MPa, respectivamente. Determínese (a) la temperatura máxima del ciclo, en kelvin. (b) la presión después de la expansión isoentrópica, en MPa. (c) el calor suministrado por ciclo, en kJ/kg, y (d) el flujo volumétrico de aire, medido en las condiciones existentes al comenzar la compresión, necesario para producir 200 kW. Utilícense los valores ;Diesel;rk=16.7, rc=2, T1=37 ºC, P1=0.10 Mpa, pots=200 k;T3, P4, qe, fva;T2=900 Ku2=674.58 kJ/kg, P2=4.84 Mpa, T3=1800 K, u3=1487.2 kJ/kg, u4=685.39,T4=915.95 K, P4=0.3 Mpa, qe=1070.37 kJ/kg, qs=464.14 kJ/kg, fm=0.441 kg/s, fv=22.78 m3/min
Un ciclo Diesel de aire estándar tiene una relación de compresión de 15.08:1. La presión y la temperatura al comienzo de la compresión son 1 bar y 27 ºC. respectivamente. Si la temperatura máxima del ciclo es 2.250 K, determínese (a) la relación de corte, (b) la presión máxima en bar. (c) el rendimiento térmico, y (J) la presión media efec;Diesel;rk= 15.08, k=1.4, P1=1 bar, T1=27 ºC, T3=2250 ;rc, P3, nt, pme;h1=300.19, u1= 214.07 kJ/kg, T2=877.84 K, h2= 871.44 kJ/kg, u2= 628.93 kJ/kg, h3=2566.4 kJ/kg, u3=1921.3 kJ/kg, P2=4251.8 kPa, P3=4251.8 kPa, T4=1332.76 K, h4=1434.94 kJ/kg, u4=1052.41 kJ/kg, nt=0.505, pme= 1065.57 kPa
Un ciclo Diesel de aire estándar tiene una relación de compresión de 18.2. El aire está a 27 ºC y 100 kPa al inicio del proceso de compresión, y a 1700 K al final del proceso de adición de calor. Tomando en cuenta las variaciones de calores específicos con la temperatura, determine: a) la relación de cierre de admisión. b) el rechazo de calor por unidad de masa. c) la eficienc;Diesel;rk= 18.2, T1=27 ºC, P1=100 kPa, T2=1700 ;rcadm, qs, nt;rca=1.89,qs=-389.44 kJ/kg,nt=58.8 %
Un ciclo Diesel de aire estándar tiene una relación de compresión de 18.2. El aire está a 80 ºF y 14.7 psia al inicio del proceso de compresión, y a 3000 R al final del proceso de adición de calor. Tomando en cuenta las variaciones de calores específicos con la temperatura, determine a) la relación de cierre de admisión, b) el rechazo de calor por unidad de masa y c) la eficienci;Diesel;rk= 18.2, T1=80 ºF, P1=14.7 psia, T2=3000 ;rcadm, qs, nt;rcadm = 1.848, qs = 158.87 Btu/lbm, nt = 59.16%
Un ciclo Diesel de aire opera con una relación de compresión de 15:1 y se le suministran 7.5 kJ de calor. Calcule: a) la presión y la temperatura al final de cada uno de los procesos del ciclo, y b) la eficiencia térmica y la presión media eficaz del ciclo. Al inicio de la carrera de compresión el aire se encuentra a 0.95 bares y 17 C y el volumen del cilindro es ;Diesel;rk=15, qe=7.5 kJ, P1=0.95 bar, T1=17 ºC, v1=3.8 ;T2, P2, T3, P3, T4, P4, nt, pme;u1=206.9 kJ/kg, h1=290.16 kJ/kg, s1=1.6680 kJ/kgK, v1=0.875 m3/kg, u2=607 kJ/kg, T2=819 K, h2=843.1 kJ/kg, s2=2.74400 kJ/kgK, P2=40.2 bar, P3=40.2 bar, v2=0.875 m3/kg, maire=0.00434 kg, qe=727 kJ/kg, h3=2570 kJ/kg, T3=2250 K, s3=3.9474 kJ/kg K, rc=2.74, T4=1343 K, u4=1062 kJ/kg, s4=3.3122 kJ/kgK, P4=4.40 bares, qs= 855 kJ/kg, nt=0.505, pme=10.67 bar
Un ciclo Diesel ideal con aire como fluido de trabajo tiene una relación de compresión de 18 y una relación de corte de admisión de 2. Al principio del proceso de compresión el fluido de trabajo está a 14.7 psia, 80 ºF y 117 pulg3. Utilice las suposiciones de aire estándar frío y determine a) la temperatura y presión del aire al final de cada proceso, b) la salida de trabajo neto y la eficiencia térmica y c) la presión med;Diesel;rk= 18.2, rca=2, P1=14.7 psia, T1=80 ºF, v1=117 pulg;P2, T2, P3, T3, P4, T4, wn, nt, pme;v2=6.5 pulg3, v3=13 pulg3, v4=117 pulg3, T2=1716 R, P2=841 psia, P3=841 psia, T3=3432 R, T4=1425 R, P4=38.8 psia, qe=411.84 btu/lbm, qs=157.53 Btu/lbm, nt=61.7 %, pme=110 psia
Un ciclo Diesel ideal tiene una relación de compresión de 20 y una relación de cierre de admisión de 1.3. Determine la temperatura máxima del aire y la tasa de adición de calor a este ciclo cuando produce 250 kW de potencia y el estado del aire al inicio de la compresión es de 90 kPa y 15 ºC. Use calores específicos constantes a temperatura ;Diesel;rk= 20, rca=1.3, qe=250 kW, P1=90 kPa, T1=15 º;T3, qe;T3=1240.9 K, qe=367.02 kW
Un ciclo Diesel ideal tiene una temperatura máxima de ciclo de 2300 ºF y una relación de cierre de admisión de 1.4. El estado del aire al principio de la compresión es P1  14.4 psia y T1  50 ºF. Este ciclo se ejecuta en motor de cuatro tiempos, de ocho cilindros, con un diámetro interior de cilindro de 4 pulg y una carrera de pistón de 4 pulg. El volumen mínimo confinado en el cilindro es 4.5 por ciento del volumen máximo del cilindro. Determine la potencia que produce este motor cuando opera a 1.800 rpm. Use calores específicos constantes a temperatur;Diesel;T3=2300 ºF, rca=1.4, P1=14.4 psia, T1=50 ºF, rev= 1800 r;wn;v1=13.12 ft3/lbm, m=0.01774 lbm, fm=958 lbm/hrk=22.22%, T2=1763 K, qe
Un ciclo dual de aire estándar tiene una relación de compresión de 14 y una relación de cierre de admisión de 1.2. La relación de presiones durante el proceso de adición de calor a volumen constante es 1.5. Determine la eficiencia térmica, la cantidad de calor agregada y la presión y la temperatura máximas del gas cuando se opera este ciclo a 80 kPa y 20 ºC al principio de la compresión. Use calores específicos constantes a temperat;Dual;rk= 14, rca=1.2, P1=80 kPa, T1=20 º;nt, qe, P3, T3;v1=13.13 ft3/lbm, m=0.01774 lbm, fm=958 lbm/h, rk=22.22, T2=1763 R, qe= 239.3 Btu/lbm, nt=0.6892, potneta= 62.1 hp
Un ciclo ideal de Otto tiene una relación de compresión de 10.5, admite aire a 90 kPa y 40 ºC y se repite 2 500 veces por minuto. Usando calores específicos constantes a temperatura ambiente, determine la eficiencia térmica de este ciclo y la tasa de suministro de calor si el ciclo ha de producir 90 kW de pote;Otto;P1=90 kPa, T1=40 °C, rpm=250 rpm, pot=90k;nt;nt=61%
Un ciclo Otto de aire estándar funciona con una relación de compresión de 8.50. y el aire al comienzo de la compresión se halla a 14.5 psia y 90 ºF. La presión se triplica en el proceso de suministro de calor. Utilizando la tabla A.51, determínese (a) las temperaturas en el ciclo, en grados Rankine, (b) el rendimiento térmico, (c) la presión media efectiva en psi, y (d) el rendimiento térmico de un motor de Carnot que funcionase entre los mismos límites de t;Otto;rk=8.5, P1=14.5 psia, T1=90 º;T2,T3,T4,nt,pme,ncarnot;T2=1260 R, T3=3780 R, T4=1943 R, nt=0.518, pme=0.854, ncarnot=122
Un ciclo Otto de aire estándar funciona con una relación de compresión de 8.55, y el aire al comienzo de la compresión se halla a 98 kPa y 32 ºC. La presión se triplica en el proceso de suministro de calor. Utilizando la tabla A.5, determínese (a) las temperaturas en el ciclo, en kelvin, (b) el rendimiento térmico, (c) la presión media efectiva en kPa, y (d) el rendimiento térmico de un motor de Carnot que funcionase entre los mismos limites de te;Otto;rk=8.55, P1=98 kPa, T1=32 ºC, P3=3*P;T2,T3,T4,nt,pme;u1=217.67 kJ/kg, P2=1930.44 kPa, T3=2100.57 K, P3=5591.32 kPa, h3=2566.4 kJ/kg, u3=1775.3 kJ/kg, T4=1077.17 K,u4=825.44 kJ/kg, nt=51.87, v1=0.893, v2=0.1041, pme=830.337 kPa
Un ciclo Otto estándar de aire que tienen una razón de compresión de 9 y una adición de calor de 870 BTU/lb de aire. Si la presión y la temperatura al inicio del proceso de compresión son de 14 psia y 40°F, respectivamente. Determinar: a) La presión y la temperatura máxima para el ciclo. b) La eficiencia térmica. c) La presión medi;Otto;rk=9, qe=870 Btu/lbm, P1=14 psia, T1=40 º;P3,T3, nt, pme;nt=0.5847, T2=744.819 ºF, P2=303.436 psi, T3=5832.538 ºF, ve2=1.471 ft3/lbm, P3=1584.542 psi, T4=2152.936 ºF, ve1=13.229 ft3/lbm, qs=282.652 Btu/lbm, wn=587.348 Btu/lbm, pme=269.975 
Un ciclo Otto ideal con aire tomado de la atmósfera como fluido de trabajo, tiene una relación de compresión de 8. Las temperaturas mínima y máxima en el ciclo son 310 K y 1600 K. El valor de P1=100 kPa. Determine: a) La cantidad de calor transferido al aire durante el proceso de adición de calor. b) La eficiencia térmica. c) La presión media efectiva y la cil;Otto;rk=8, T1=310 K, T3=1600 K, P1=100 kPa;qe, nt, pme, cilindrada;T2=712.19, P2=1837.92 kPa, qe=636.12 kJ/kg, T4=696.44 K, qs276.88 kJ/kg, nt=56.47%, wn=359.24 kJ/kg, v1=0,8897 m3/kg, v2=0.1112 m3/kg, pme=461.45 kPa, cil=0,7785 m3/kg
Un ciclo Otto ideal mono cilíndrico de cuatro tiempos y 60 (mm) de diámetro de pistón está limitado por los volúmenes V1 = 480 (cm3) y V2 = 120 (cm3), y por las presiones absolutas siguientes: P1 = 0.1 (MPa). P2 = 0.7(MPa), P3 = 3.5(MPa) y P4 = 0.5(MPa). Si consideramos que la sustancia de trabajo es aire como gas ideal, determine: a)La temperatura del fluido al final de la compresión, si la temperatura al final del rechazo de calor al medio, a volumen constante es 35 °C. b) La masa de aire. c) La variación de entropía en el proceso de la co;Otto;diam=60 mm, v1=480 cm3, v2=120 cm3, P1=0.1 Mpa, P2=0.7 Mpa, P3=3.5 Mpa, P4=0.5 Mpa, T1=35 º;T2, m, ds12;T2=536.52 K, m=0.5433 g, ds12=0 J/kg
Un ciclo Otto ideal tiene una relación de compresión de 8. Al inicio del proceso de compresión el aire está a 100 Kpa y 17 oC, y 800kJ/kg de calor se transfieren a volumen constante hacia el aire durante el proceso de adición de calor. Determine: a) Temperatura y presión máxima durante el ciclo, b) Trabajo neto de salida, c) Eficiencia térmica del ciclo y d)Presión media efectiva en ;Otto;rk=8, P1=100 kPa, T1=17 ºC, qe=800 kJ/k;T3, P3, wn, nt, pme;T2=652.1 K, P2=1798.8 kPa, u2=474.9 kJ/kg, u3=1274.9 kJ/kg, T3 = 1574.9 K, P3 = 4344.31 kPa, T4=795.5 K, u4=588.7 kJ/kg, qs= 381,83 kJ/kg, wn=418,17 kJ/kg, nt=0.523, pme=574 kPa
Un ciclo Otto, empleando aire, tiene una relación de expansión de 8. Al iniciarse el proceso de compresión (a en la fig. 6.1.), la temperatura es de 300K (540°C) y la presión de 1.033 kg/cm2 abs (14.7 lb/plg2 abs). Se suministra calor a razón de 717 kcal/kg de aire (1280 Btu/lb de aire). Determinar: el rendimiento térmico, el trabajo neto, y las presiones y temperaturas en puntos clave del ciclo. (El peso molecular del aire es muy cercano;Otto;rk=8, T1=300 K, P1=1.033 psia, qe=1280 Btu/lbm;nt, wn, P2, T2, P3, T3, P4, T4;nt=56.5 %, wn=405 kcal/kg, ve1=0.85 m3/kg, P2=18.9 kg/cm2, T2=705 K, ve2=0.105 m3/kg, T3=4897 K, P3=133 kg/cm2, T4=2109 K, P4=7.28 kg/cm2 
Un ciclo Rankine de vapor de agua opera entre los límites de presión de 2.500 psia en la caldera y 1 psia en el condensador. La temperatura a la entrada de la turbina es de 800 ºF. La eficiencia isentrópica de la turbina es de 90 por ciento, las pérdidas de la bomba son despreciables y el ciclo está diseñado para producir 1.000 kW de potencia. Calcule el flujo másico a través de la caldera, la potencia que produce la turbina, la tasa de suministro de calor en la caldera y la eficiencia;Rankine;P2=2500 psia, P4= 1 psia,T3=800 ºF, nturb=80%, wn=1000 k;fm, pot, qe, nt;h1=69.762 Btu/lbm, we=7.46 Btu/lbm, h2=77.18 Btu/lbm, P3=2500 psia, , h3=1302 Btu/lbm, s3=1.4116 Btu/lbm R,  s4=1.4116 Btu/lbm R, x4s=0.6932, h4s=787.70 Btu/lbm, h4=839.13 kJ/kg, qe=1224.8 Btu/lbm, qs=769.41 Btu/lbm, qn=455.39 Btu/lbm, fm=2.081 lbm/s, pots=1015 kW, pote=2549 Btu/s, nt=0.3718
Un ciclo Rankine ideal simple con agua como fluido de trabajo opera entre los límites de presión de 2 500 psia en la caldera y 5 psia en el condensador. ¿Cuál es la temperatura mínima necesaria a la entrada de la turbina para que la calidad del vapor que sale de la turbina no sea menor de 80 por ciento? Cuando se opera a esta temperatura, ¿cuál es la eficiencia térmica de;Rankine;P2=2500 psia, P4=5 psia, x4=80%;T3, nt;h1=130.18 Btu/lbm, v1=0.01641 ft3/lbm, we=7.58 Btu/lbm, h2=137.76 Btu/lbm, h4=930.58 Btu/lbm, s4=1.52203 Btu/lbm R, P3=2500 psia, s3=1.52203 Btu/lbm R, h3=1450.8 Btu/lbm, T3=989.2 ºF, qe=1313 Btu/lbm, qs=800.4 Btu/lbm, nt=39
Un motor de dos tiempos, del tipo Otto, de 23.5 x 23.5 cm desarrolla 29.85 kW a 200 rpm, mientras emplea gas natural con un poder calorífico inferior de 37 252 kJ/m3 y una admisión a  P1= 1 atm y T1= 15.6 °C. El consumo específico de calor es 14.142 kJ/kW h, la relación de compresión es 6 y la eficiencia mecánica vale 81%. Haga uso estándar de aire con k = 1.33, y calcule las eficiencias térmicas indicada y efectiva (al freno), las eficiencias motrices y ;Otto;"Pot=29.85 kW, rev=200 rpm, P1= 1atm, T1= 15.6°C, cec=14.142 kJ/kW*h
rk=6, nmec=81%, k = 1.3";n, pme;e= 31.4%, pote=24.1785 kW, T2=521.298 K, P2=0.0922697966 atm, poti=42.3441331 nb=0.571, kW, vd=10192.79919 cm3, pme=878 kPa
Un motor de ignición por chispa tiene una relación de compresión de 8, una eficiencia isentrópica de compresión de 85 por ciento y una eficiencia isentrópica de expansión de 95 por ciento. Al principio de la compresión, el aire en el cilindro está a 13 psia y 60 ºF. La temperatura máxima que se encuentra por medición es 2300 ºF. Determine el calor suministrado por unidad de masa, la eficiencia térmica y la presión efectiva media de este motor cuando se modela con el ciclo de Otto. Use calores específicos constantes a temper;Otto;rk=8,ncomp=85%, nexp=95%, P1=13 psia, T1=60 ºF, T3=2300 �;qe, nt, pme;qe=247Btu/lbm, nt= 47.5%, pme= 49psia
Un motor de ignición por compresión de seis cilindros, cuatro tiempos, 3.2 L, opera en un ciclo Diesel ideal con una relación de compresión de 19. El aire está a 95 kPa y 67 ºC al inicio del proceso de compresión y la velocidad de rotación del motor es de 1750 rpm. El motor usa diesel ligero con un poder calorífico de 42500 kJ/kg, una relación aire-combustible de 28 y una eficiencia de combustión de 98 por ciento. Usando calores específicos constantes a 850 K, determine a) la temperatura máxima en el ciclo y la relación de cierre de admisión, b) la producción neta de trabajo por ciclo y la eficiencia térmica, c) la presión media efectiva, d) la producción neta de potencia y e) el consumo específico de combustible, en g/kWh, definido como la relación de la masa de combustible consumido al tr;Diesel;rk=19, P1=95 kPa, T1=67 ºC, rev=1750 rpm, podercal=42500 kJ/kg, relairecomb=28, ncomb=98%;T3, rca, wn, nt, pme, pot, cec;cp=1.110 kJ/kg K, cv=0.823 kJ/kg K, R=0.287 kJ/kg K, k=1.349, T2=950.1 K, P2=5044 kPa, vc=0.0001778 m3, v1=0.003288 m3, m=0.003288 kg, mf=0.0001134 kg qe=4.723 kJ, T3=2224 K, rc=2.362,v2=0.0001778 m3, v3=0.0004199 m3, v4=0.003288 m3, P3=5044 kPa
Un motor funciona con base en un ciclo Otto. Las condiciones al inicio de la compresión son 27 ºC y 100 kPa. El calor agregado es 1840 kJ/kg. La relación de compresión es 8. Determinar la temperatura y la presión en cada punto de ciclo, la eficiencia térmica y la presión media ef;Otto;T1=300 K, P1=100 kPa, rk=8, qe=1840 kJ/kg;T2, P2, T3, P3, T4, P4, nt, pme;T2=689.2 K, P2=1837.9 kPa, P3=8676.1 kPa, T4=1416.2 K, p4=472.1 kPa, nt=56.5%, v1=0.864 m3,v2=0.108 m3, qs=801 kJ/kg, wn=1039 kJ/kg, pme=1374.3 kPa
Un motor ideal Diesel tiene una relación de compresión de 20 y usa aire como fluido de trabajo. El estado del aire al principio del proceso de compresión es 95 kPa y 20 ºC. Si la temperatura máxima en el ciclo no ha de exceder 2.200 K, determine: a) la eficiencia térmica, b) la presión efectiva media, Suponga calores específicos constantes para el aire a temperatura a;Diesel;rk=20,P1=95 kPa,T1=20 ºC,T3=2200 ;nt, pme;nt=63.5 %, pme=933 kPa
Una central eléctrica de turbina de gas que opera en un ciclo Brayton ideal tiene una relación de presión de 8. La temperatura del gas es de 300 K en la entrada del compresor y de 1 300 K en la entrada de la turbina. Utilice las suposiciones de aire estándar y determine a) la temperatura del gas a la salida del compresor y de la turbina, b) la relación del trabajo de retroceso y c) la eficiencia té;Joule;rk=8, T1=300 K, T3=1300 K;T2, T4, rwretroceso, nt;h1=300.19 kJ/kg, T2=540 K, h2=544.35 kJ/kg, h3=1395.97 kJ/kg, T4=770 K, h4=789.37 kJ/kg, we=244.16 kJ/kg, ws=606.60 kJ/kg, rbw40.3%,qe=851.62 kJ/kg, wn=42.6%, qs=489.2 kJ/kg, nt=42.6%,ntciclo=44.8%
Una planta de potencia de turbina de gas opera según un ciclo de aire estándar entre los límites de presión de 1 y 6.4 bares. La temperatura del aire de entrada es de 22 C, y la limitación de temperatura en la turbina es de 807 C. Si las eficiencias adiabáticas del compresor y la turbina son 82 y 85%, respectivamente, calcule: a) la producción neta de trabajo, y b) la eficiencia térmica si el ciclo e;Joule;P1=1 bar, P2=6.4 bar, T1=22 ºC, T3=807 ºC, eficadiabcomp=82 %, eficadiabturb=85;wn, nt;h1=295.2 kJ/kg, T2=499 K, h2=502 kJ/kg, we=252.2 kJ/kg, h3=1138 kJ/kg, h4=679 kJ/kg, T4=669 K, ws=-459 kJ/kg, wn=137.95 kJ/kg, nt=0.234
Vamos a considerar un ciclo Diesel en la que el aire a la entrada está a una presión de 1 atm y una temperatura de 17 °C, la razón de compresión es 18 y la de combustión vale 2. El volumen máximo de la cámara es de 1900 cm³. Vamos a determinar los volúmenes, presiones y temperaturas de cada vértice del ciclo, así como su rendimiento y el calor y el trabajo intercambiad;Diesel;P1=1 atm, T1=17 ºC, rk=18, rcomb=2, vmax=1900 cm;v1, v2, v3, v4, P2, P3, P4, T2, T3, T4, nt, qe, qs, wn;Vb=105.6 cm3, T2=921.5 K, Pb=57.2 atm, Pc=57.2 atm, Vc=211.1 cm3, T3=1843 K, Vd=1900 cm3, Vc=1900 cm3, Td=765.3 K, P4=2.64 atm, qe=21.13 kJ, qs=7.79 kJ, w=13.35 kJ, nt=63.2%
