enunciados|modelos,,,,,,,,
A la turbina de un ciclo Rankine ideal entra vapor sobrecalentado a 30 bar y 500 °C y sale del condensador como líquido saturado a 01 bar. Determínese (a) el rendimiento térmico. (b) el flujo másico de vapor necesario en kg/h. (c) el flujo de calor suministrado al ciclo en MW  y (d) el flujo másico de agua de refrigeración en kg/h si ésta aumenta su temperatura desde 18 hasta 28 °C. La potencia neta de salida es 100 MW.|Rankine,,,,,,,,
A un ciclo Diesel de aire estándar se le suministran 1.659 kJ/kg de calor por ciclo. La presión y la temperatura al comienzo de la compresión son  respectivamente 0095 MPa y 27 ºC  y la presión después de la compresión es 360 MPa. Determínese (a) la relación de compresión  (b) la temperatura máxima del ciclo  en kelvin  (c) la relación de corte  (d) la presión después de la expansión isoentrópica  en megapascales  y (e) el trabajo neto  en kJ/kg. Utilícese la Tabla A.5.|Diesel,,,,,,,,
A un ciclo Diesel de aire estándar se le suministran 724 Btu/lbm de calor por ciclo. La presión y la temperatura al comienzo de la compresión son. respectivamente. 140 psia y 80 °F. y la presión después de la compresión es 540 psia. Determínese (a) la relación de compresión  (b) la temperatura máxima del ciclo  en grados Rankine  (c) la relación de corte  (d) la presión después de la expansión isoentrópica  en psia  y (e) el flujo volumétrico de aire medido en las condiciones existentes al comenzar la compresión  necesario para producir 150 hp. Utilícese la Tabla A.5I.|Diesel,,,,,,,, 
Considérese un ciclo Otto de aire estándar que tiene una relación de compresión de 80 y al que se le suministra una cantidad de calor de 1.188 kJ/kg. Si la presión y la temperatura al comienzo del proceso de compresión son 0098 MPa y 27 °C. determínese utilizando los valores de la Tabla A.5 (a) las presiones y temperaturas en el ciclo  (b) el trabajo neto de salida en kJ/kg  (c) el rendimiento térmico  y (d) la presión media efectiva en MPa.|Otto,,,,,,,,
Considérese un ciclo Otto de aire estándar que tiene una relación de compresión de 83 y al que se le suministra una cantidad de calor de 1.456 kJ/kg. Si la presión y la temperatura al comienzo del proceso de compresión son 0095 MPa y 7 °C  determínese utilizando los valores de la Tabla A.5 (a) la presión y temperatura máximas del ciclo  (b) el trabajo neto obtenido  en kJ/kg. (c) el rendimiento térmico  y (d) la presión media efectiva en megapascales.|Otto,,,,,,,,
Considérese un ciclo Otto de aire estándar que tiene una relación de compresión de 90 y al que se le suministra una cantidad de calor de 821 Btu/lbm. Si la presión y la temperatura al comienzo del proceso de compresión son 14.0 psia y 40 °F. determínese utilizando los valores de la Tabla A.51 (a) la presión y temperatura máximas del ciclo. (b) el trabajo neto obtenido  en Btu/lbm  (c) el rendimiento térmico  y (d) la presión media efectiva en psi.|Otto,,,,,,,,
Determínese (a) la calidad del vapor que sale de la turbina  y (b) el rendimiento térmico de un ciclo Rankine ideal sin sobrecalentamiento en el que las condiciones de entrada a la turbina son vapor saturado a 30 bar y la presión del condensador es 01 bar.|Rankine,,,,,,,,
En un ciclo Brayton de aire estándar  la relación de presiones es 60. y las condiciones de entrada al compresor son 15 psia y 40 °F. La temperatura de entrada a la turbina está limitada a 1.440 °F. y el flujo másico es 10 lbm/s. Los rendimientos adiabáticos del compresor y la turbina son 080 y 085  respectivamente. Determínese (a) el trabajo del compresor y el de la turbina  en Btu/lbin  (b) el rendimiento térmico  (c) la potencia neta obtenida  en hp  y (d) el flujo volumétrico a la entrada del compresor  en ft3/min. Utilícense los valores de la Tabla A.51. (Véase el Problema 15.63I.)|Joule,,,,,,,,
En un ciclo Brayton el aire entra al compresor en unas condiciones de 300 K y 100 kPa  y la relación de presiones es de 7:1. Para unas temperaturas de entrada a la turbina desde 900 hasta 1.500 K  en intervalos de 100 grados  calcúlese mediante un programa de ordenador y dibújese (a) el rendimiento térmico  (b) la relación de acoplamiento  y (c) el trabajo neto de salida  en kJ/kg.|Joule,,,,,,,,
En un ciclo Joule (Brayton) de aire estándar  el aire entra al compresor a 100 kPa y 290 K. La presión de salida del compresor es de 480 kPa y  la temperatura máxima del ciclo es de 1150 K. Si la masa es de 1 kg  determinar los valores de las variables de estado en los cuatro estados termodinámicos y mostrar los diagramas P-V y T-s del ciclo Joule.|Joule,,,,,,,,
En un ciclo Otto de aire estándar  el aire entra al compresor a 100 kPa y 290 K. La presión de salida del compresor es de 1840 kPa y la masa es de 1 kg. Si la transmisión de calor al aire es de 1863 kJ/kg  determinar los valores de las variables de estado en los cuatro estados termodinámicos y mostrar los diagramas P-V y T-s del ciclo Otto.|Otto,,,,,,,,
En un ciclo Otto de aire estándar  el aire se encuentra a 0095 MPa y 22 °C al comenzar la carrera de compresión  y el volumen del cilindro es 2.800 cm3. La relación de compresión es 9. y en el proceso de suministro de calor se comunican 3.54 kJ. Utilizando los valores de la Tabla A.5  determínese (a) la temperatura y la presión al final de los procesos de suministro de calor y de expansión. (b) el rendimiento térmico  (c) la presión media efectiva  y (d) el flujo volumétrico de aire  en m3/min  medido en las condiciones existentes al comenzar la compresión  necesario para producir una potencia neta de 110 kW.|Otto,,,,,,,,
En un ciclo Otto de aire estándar  el aire se encuentra a 14 0 psia y 80 °F al comenzar la carrera de compresión  y el volumen del cilindro es 0.20 ft3. La relación de compresión es 9. y en el proceso de suministro de calor se transfieren 920 Btu. Utilizando los valores de la Tabla A.5I  determínese (a) la temperatura y la presión al final de los procesos de suministro de calor y de expansión  (b) el rendimiento térmico  (c) la presión media efectiva en psi  y (J) el flujo volumétrico de aire  en ft3/min  medido en las condiciones existentes al comenzar la compresión  necesario para producir una potencia de 120 hp.|Otto,,,,,,,,
En un ciclo Rankine ideal  el vapor de agua entra a la turbina a 40 bar y 440 °C. Si de la turbina salen 10.000 kW  determínese (1) la calidad a la salida de la turbina  (2) el rendimiento térmico  y (3) el flujo másico de vapor  en kg/h  para presiones del condensador de (a) 008 bar  y (b) 004 bar.|Rankine,,,,,,,,
En un ciclo Rankine se dispone de vapor sobrecalentado a 2720 kPa y 588 K  el cual entra a la turbina y se expande hasta una presión de 6.89 kPa  para luego entrar al condensador  la temperatura en el estado 2 es de 314 K y el flujo másico es igual a 3700 kg/h  determinar los valores de las variables de estado en los cuatro estados termodinámicos y mostrar el diagrama T-s del ciclo Rankine ideal.|Rankine,,,,,,,,
La relación de compresión de un ciclo Otto es 8:1. Antes de comenzar la carrera de compresión en el ciclo la presión es 098 bar y la temperatura 27 ºC. Durante el suministro de calor el valor de P3/P2  es 2.90. Utilizando los datos de la Tabla A.5  determínese (a) la presión y la temperatura al final de cada proceso del ciclo  (b) el rendimiento térmico  (c) la presión media efectiva  en bar  y (d) el flujo volumétrico de aire  en m3/min  medido en las condiciones existentes al comenzar la compresión  necesario para producir 120 kW.|Otto,,,,,,,,
La relación de compresión de un ciclo Otto es 8:1. Antes de comenzar la carrera de compresión en el ciclo la presión es 0.98 bar y la temperatura 27 °C. El calor suministrado al aire en cada ciclo es 1.430 kJ/kg. Utilizando los datos de la Tabla A.5  determínese (a) la presión y la temperatura al final de cada proceso del ciclo. (b) el rendimiento térmico. (c) la presión media efectiva  en bar  y (d) el flujo volumétrico de aire  en m3/min  medido en las condiciones existentes al comenzar la compresión  necesario para producir 120 kW.|Otto,,,,,,,,
La relación de compresión de un ciclo Otto es 8:1. Antes de comenzar la carrera de compresión en el ciclo la presión es 145 psia y la temperatura 80°F. El calor suministrado al aire es 888 Btu/lbm por ciclo  utilizando los datos de la Tabla A.51  determínese (a) la presión y la temperatura al final de cada proceso del ciclo. (b) el rendimiento térmico  (c) la presión media efectiva  en psi  y (d) el flujo volumétrico en ft3/min  medido en las condiciones existentes al comenzar la compresión  necesario para producir 110 hp.|Otto,,,,,,,,
La relación de presiones en un ciclo Brayton de aire estándar es 45  y las condiciones de entrada al compresor son 010 MPa y 27 °C. La temperatura de entrada a la turbina está limitada a 827 °C  y el flujo másico es 4 kg/s. Determínese (a) el trabajo del compresor y de la turbina  en kJ/kg  (b) el rendimiento térmico  (c) la potencia neta de salida  en kW  y (d) el flujo volumétrico a la entrada del compresor  en m3/min. Para los valores del aire utilícese la Tabla A.5.|Joule,,,,,,,,
La relación de presiones en un ciclo Brayton de aire estándar es 72:01:00 AM  y las condiciones de entrada son 10 bar y 17 °C. La temperatura de entrada a la turbina está limitada a 1.260 K. y el flujo másico es 3.5 kg/s. Determínese (a) el trabajo del compresor y de la turbina  en kJ/kg  (b) el rendimiento térmico  (c) la potencia neta de salida  en kW  y (dZ) el flujo volumétrico a la entrada del compresor  en m3/min. Para los valores del aire utilícese la Tabla A.5.|Joule,,,,,,,,
Las condiciones de entrada a un ciclo Diesel de aire estándar que funciona con una relación de compresión de 15 son 144 psia y 60 °F. La relación de corte es (a) 284  y (b) 20. Determínese (1) la presión y la temperatura al final de cada proceso del ciclo  y (2) el rendimiento térmico y la presión media efectiva. Úsese la Tabla A.51.|Diesel,,,,,,,,
Las condiciones de entrada a un ciclo Diesel de aire estándar que funciona con una relación de compresión de 15:1 son 095 bar y 17 °C. Al comienzo de la compresión el volumen del cilindro es 380 L  y el suministro de 75 kJ de calor al sistema tiene lugar en un proceso a presión constante. Determínese (a) la presión y la temperatura al final de cada proceso del ciclo  y (b) el rendimiento térmico y la presión media efectiva.|Diesel,,,,,,,,
Las condiciones de entrada de la turbina de un ciclo Rankine son 30 bar y 500 °C y la presión a la salida de la misma es 01 bar. La turbina funciona adiabáticamente con un rendimiento del 82 por 100  mientras que el rendimiento de la bomba es del 78 por 100. Calcúlese (a) el rendimiento térmico del ciclo  (b) la relación de acoplamiento  (c) el flujo másico de vapor de agua necesario  en kg/h. si la potencia neta de salida es 100 MW  (d) el flujo másico de agua de refrigeración necesario  en kg/h. si la temperatura del agua aumenta desde 18 °C hasta 28 °C  y (e) la producción de entropía en la turbina y en la bomba  en kJ/kg K.|Rankine,,,,,,,,
Las condiciones de entrada en un ciclo Diesel teórico que funciona con una relación de compresión de 18 son 144 psia y 60 °F. La relación de corte es 2. (a) Calcúlese la presión y la temperatura final de cada uno de los procesos del ciclo  y (b) determínese el rendimiento térmico y la presión media efectiva del ciclo.|Diesel,,,,,,,,
Las condiciones iniciales para un ciclo Otto de aire estándar que funciona con una relación de compresión de 8:1 son 095 bar y 17 °C. El volumen del cilindro al comenzar la carrera de compresión es 220 L  y el calor suministrado a volumen constante es 3.60 kJ. (a) Calcúlese la presión y la temperatura al final de cada uno de los procesos del ciclo  y (b) determínese el rendimiento térmico y la presión media efectiva del ciclo.|Otto,,,,,,,,
Por un ciclo Rankine de una unidad de potencia de vapor de agua circula un flujo másico de 23.740 kg/h. El agua entra a la caldera a 100 bar y sale del condensador a 010 bar y 45.0 °C. El flujo másico de agua de refrigeración en el condensador es igual a 131 x 10^6 kg/h  donde aumenta su temperatura 850 °C. Determínese (a) la entalpia y entropía a la salida de la turbina  (b) la entalpia a la entrada de la turbina  (c) el calor comunicado en kJ/kg  (d) el rendimiento térmico  y (e) la potencia que sale de la turbina en kW.|Rankine,,,,,,,,
Un ciclo Brayton de aire estándar funciona con una relación de presiones de 7 y unas temperaturas mínima y máxima de 300 y 1.200 K. Con unos rendimientos adiabáticos del compresor y la turbina de 081 y 086  respectivamente  y con un flujo volumétrico de aire a la entrada de 30 m3/min. determínese (a) la relación de acoplamiento  (b) el rendimiento térmico  y (c) la potencia neta desarrollada  en kilovatios. (Véase el Problema 15.52.)|Joule,,,,,,,,
Un ciclo Brayton de aire estándar funciona con una relación de presiones de 70  una presión de entrada de 96 kPa y unas temperaturas mínima y máxima de 300 y 1.200 K. Si el flujo volumétrico de aire a la entrada es de 30 m3/min  determínese (a) la relación de acoplamiento  (b) el rendimiento térmico  y (c) la potencia neta desarrollada  en kilovatios.|Joule,,,,,,,,
Un ciclo Brayton ideal de aire estándar funciona con aire que entra al compresor a 0.95 bar y 22 °C. La relación de presiones rp es 6:1 y el aire sale de la cámara de combustión a 1.100 K. Calcúlese el trabajo suministrado al compresor  el trabajo de salida de la turbina y el rendimiento térmico del ciclo  de acuerdo con los datos de la Tabla A.5.|Joule,,,,,,,,
Un ciclo Brayton ideal funciona entre las temperaturas extremas de 290 y 1.200 K. Calcúlese utilizando un programa de ordenador y hágase una representación gráfica de (a) el trabajo neto  en kJ/kg  y (b) el rendimiento térmico para un intervalo de la relación de presiones desde 4 hasta 14 en intervalos de 2.|Joule,,,,,,,,
Un ciclo de aire se ejecuta en un sistema cerrado y se compone de los siguientes 4 procesos: 1-2 Compresión isoentrópica de 100 kPa y 27ºC a 1 Mpa. 2-3 Adición de calor a P = Ctte en la cantidad de 2840 kJ/kg. 3-4 Rechazo de calor a V=ctte hasta 100 kPa. 4-1 Rechazo de calor a P=ctte hasta el estado inicial. a) Muestre el ciclo en diagramas P-v y T-s. b) Calcule la temperatura máxima en el ciclo. c) Determine la eficiencia térmica.|Diesel, ,,,,,,,
Un ciclo de Otto  con una relación de compresión de 7.5  funciona a partir de condiciones de admisión de 97.91 kPa abs.  29.4 ºC. Calcule la presión y la temperatura al final de la compresión (a) si el aire frío (k = 1.4) es la sustancia de trabajo  (b) si se tiene aire caliente (k = 1.32) como sustancia operante. Compare las respuestas. (e) Determine la eficiencia térmica ideal con base en las rondiciones dadas en (a) y (b).|Otto,,,,,,,,
Un ciclo Diesel de aire estándar funciona con una relación de compresión de 148 y una relación de corte de 2. La temperatura y presión al comienzo de la compresión son 100°F y 145 psia  respectivamente. Determínese (a) la temperatura máxima del ciclo  en grados Rankine  (b) la presión después de la expansión isoentrópica  en psia  y (c) el calor suministrado por ciclo  en Btu/lbm. Utilícense los valores de la Tabla A.5I.|Diesel,,,,,,,,
Un ciclo Diesel de aire estándar funciona con una relación de compresión de 167 y una relación de corte de 2. La temperatura y presión al comienzo de la compresión son 37 °C y 010 Mpa  respectivamente. Determínese (a) la temperatura máxima del ciclo  en kelvin. (b) la presión después de la expansión isoentrópica  en MPa. (c) el calor suministrado por ciclo  en kJ/kg  y (d) el flujo volumétrico de aire  medido en las condiciones existentes al comenzar la compresión  necesario para producir 200 kW. Utilícense los valores de la Tabla A.5.|Diesel,,,,,,,,
Un ciclo Diesel de aire estándar presenta unas condiciones iniciales en donde la temperatura es de 290 K y la presión de 90 kPa. Si la temperatura al final de la compresión es de 700 K y la temperatura máxima del ciclo es de 1650 K  la masa es igual a 1 kg. Determinar los valores de las variables de estado en los cuatro estados termodinámicos. Mostrar los diagramas P-V y T-s del ciclo Diesel.|Diesel,,,,,,,,
Un ciclo Diesel de aire estándar tiene una relación de compresión de 1508:1. La presión y la temperatura al comienzo de la compresión son 1 bar y 27 °C. respectivamente. Si la temperatura máxima del ciclo es 2.250 K  determínese (a) la relación de corte  (b) la presión máxima en bar. (c) el rendimiento térmico  y (J) la presión media efectiva  en bar.|Diesel,,,,,,,,
Un ciclo Otto de aire estándar funciona con una relación de compresión de 850  y el aire al comienzo de la compresión se halla a 145 psia y 90 °F. La presión se triplica en el proceso de suministro de calor. Utilizando la tabla A.51  determínese (a) las temperaturas en el ciclo  en grados Rankine  (b) el rendimiento térmico  (c) la presión media efectiva en psi  y (d) el rendimiento térmico de un motor de Camot que funcionase entre los mismos límites de temperatura.|Otto,,,,,,,,
Un ciclo Otto de aire estándar funciona con una relación de compresión de 855  y el aire al comienzo de la compresión se halla a 98 kPa y 32 °C. La presión se triplica en el proceso de suministro de calor. Utilizando la tabla A.5  determínese (a) las temperaturas en el ciclo  en kelvin  (b) el rendimiento térmico  (c) la presión media efectiva en kPa  y (d) el rendimiento térmico de un motor de Carnot que funcionase entre los mismos limites de temperatura.|Otto,,,,,,,,
Un ciclo Otto ideal con aire tomado de la atmósfera como fluido de trabajo tiene una relación de compresión de 8. Las temperaturas mínima y máxima en el ciclo son 310 K y 1600 K. Determine: a) La cantidad de calor transferido al aire durante el proceso de adición de calor. b) La eficiencia térmica. c) La presión media efectiva y la cilindrada.|Otto, ,,,,,,,
Un ciclo Rankine ideal produce vapor de agua a 140 bar y 560 °C y el fluido condensa a 006 bar. La salida neta de potencia es 20 MW. Determínese (a) el calor suministrado  en kJ/kg. (b) el rendimiento térmico  (c) el flujo másico de vapor en kg/h  y (d) el flujo másico de agua de refrigeración que se necesita en el condensador  si ésta aumenta su temperatura 10 °C.|Rankine,,,,,,,,
Un ciclo Rankine ideal que produce 150 MW de potencia neta tiene unas condiciones de entrada a la turbina para el vapor de 80 bar y 440 °C y una presión en el condensador 0080 bar. El agua de refrigeración del condensador aumenta su temperatura 94 °C. Determínese (a) la calidad del vapor a la salida de la turbina  (b) el rendimiento térmico  (c) el flujo másico de vapor necesario en kg/s. y (d) el flujo volumétrico de agua de refrigeración que se necesita  en m3/s  si el agua entra a 18 °C.|Rankine,,,,,,,,
Un ciclo Rankine tiene una presión de salida de turbina de 0008 MPa y una presión de entrada en turbina de 60 MPa. Determínese (1) la calidad a la salida de la turbina  (2) el rendimiento térmico  y (3) el flujo másico de vapor  en kg/h  para una potencia neta de salida de 10 MW con una temperatura de entrada a la turbina de (a) 540 °C. y (b) 440 °C.|Rankine,,,,,,,,
Un ciclo Rankine tiene una presión de salida de turbina de 008 bar y una presión de entrada en turbina de 600 °C. Determínese (1) la calidad a la salida de la turbina  y (2) el rendimiento térmico para una presión de entrada a la turbina de (a) 120 bar  y (h) 60 bar.|Rankine,,,,,,,,
Un ciclo Rankine utiliza energía solar como fuente térmica y refrigerante 134a como fluido de trabajo. Éste entra a la bomba como líquido saturado a 9 bar y sale a 16 bar. La temperatura de entrada a la turbina es 160 °C y el flujo másico es 1.000 kg/h. Determínese (a) el trabajo neto de salida en kJ/kg  (b) el rendimiento térmico  y (c) el área  en m2  del colector solar que se necesita si el colector recibe 650 J/m2 s.|Rankine,,,,,,,,
Un ciclo Rankine utiliza un pequeño acumulador de energía solar a 90 °C como fuente térmica y refrigerante 134a como fluido de trabajo. Éste entra a la bomba como líquido saturado a 7 bar y sale de la misma a 16 bar. La temperatura de entrada a la turbina es 80 °C y el flujo másico es 1.200 kg/h. Determínese (a) el trabajo neto de salida en kJ/kg  (b) el rendimiento térmico  y (c) el flujo másico necesario de agua procedente del acumulador  en kg/h  si la temperatura del agua disminuye 5 °C al atravesar el evaporador del ciclo.|Rankine,,,,,,,,
Un motor funciona según un ciclo Diesel con una relación de compresión de 15:1 y el combustible se inyecta en el 10 por 100 de la carrera. La presión y la temperatura del aire que entra al ciclindro son 98 kPa y 17 °C  respectivamente. Determínese (a) la relación de corte  (b) la temperatura al final del proceso de compresión  en kelvin. (c) la presión después de la expansión isoentrópica  en kPa. (d) el calor suministrado  en kJ/kg  y (e) el flujo volumétrico de aire  en m3/kg  medido en las condiciones existentes al comenzar la compresión  necesario para producir una potencia de 200 kW. Utilícese la Tabla A.5.|Diesel,,,,,,,,
Una planta de turbina de gas que opera en un ciclo Brayton con regeneración  entrega 20000 kW a un generador eléctrico. La temperatura máxima es 1200 K  y la temperatura mínima es 290 K. La presión mínima es 95 kPa y la presión máxima es 380 kPa. La eficiencia del regenerador es de 75%. La eficiencia del compresor es de 80% y la de la turbina es 85%. a) ¿Cuál es la potencia de la turbina? b)¿Qué fracción de la potencia de la turbina es usada para mover|Joule,,,,,,,,
"Calcule la eficiencia del ciclo para la máquina de Rankine, cuando la presión en la caldera aumenta a 4 MPa. Suponga que las eficiencias de la turbina y de la bomba no han cambiado|Rankine",,,,,,,,
"Halle la eficiencia del ciclo y la calidad a la salida de la turbina para la máquina de Rankine del ejemplo 6.8, cuando el vapor a la salida de la caldera está sobrecalentado a 400 |Rankine",,,,,,,,
"Considere una central eléctrica de vapor que opera en un ciclo Rankine ideal simple y que tiene una salida de neta de potencia de 45 MW. El vapor entra a la turbina a 7 MPa y 500 °C, y se enfría en el condensador a una presión de 10 kPa mediante el agua de enfriamiento proveniente de un lago y que circula por los tubos del condensador a una tasa de 2000 kg/s. Muestre el ciclo en un diagrama T-s respecto de las líneas de saturación y determine a) la eficiencia térmica del ciclo, b) el flujo másico del vapor y c) el aumento de temperatura del agua de enfriamiento|Rankine",,,,,,,,
"Un ciclo ideal de Otto tiene una relación de compre sión de 10.5, admite aire a 90 kPa y 40 °C y se repite 2 500  veces por minuto. Usando calores específicos constantes a temperatura ambiente, determine la eficiencia térmica de este  ciclo y la tasa de suministro de calor si el ciclo ha de producir  90 kW de potencia.|Otto",,,,,,,,
"Alguien ha sugerido que el ciclo de Otto de aire estándar es más preciso si los dos procesos isentrópicos se reemplazan por procesos politrópicos con un exponente politrópico n = 1.3. Considere un ciclo así con una relación de compresión de 8, P1 = 95 kPa, T1 = 15 °C, y la temperatura máxima del ciclo es 1 200 °C. Determine el calor que se transfiere a este ciclo y que se rechaza de éste, así como la eficiencia térmica del ciclo. Use calores específicos constantes a temperatura ambiente.|Otto",,,,,,,,
"Un motor de ignición de seis cilindros, cuatro tiem pos, con encendido por chispa, operando en el ciclo ideal de Otto, toma aire a 14 psia y 65 °F, y está limitado a una tem peratura máxima de ciclo de 1 600 °F. Cada cilindro tiene un diámetro de 3.5 pulg, y cada émbolo tiene una carrera de 3.9 pulg. El volumen mínimo confinado es 14 por ciento del volu men máximo confinado. ¿Cuánta potencia producirá este motor cuando opera a 2 500 rpm? Use calores específicos constantes a temperatura ambiente.|Otto",,,,,,,,
"Un motor de ignición por chispa tiene una relación de compresión de 8, una eficiencia isentrópica de compresión de 85 por ciento y una eficiencia isentrópica de expansión de 95 por ciento. Al principio de la compresión, el aire en el cilindro está a 13 psia y 60 °F. La temperatura máxima que se encuen tra por medición es 2.300 °F. Determine el calor suminis trado por unidad de masa, la eficiencia térmica y la presión efec tiva media de este motor cuando se modela con el ciclo de Otto. Use calores específicos constantes a temperatura ambiente.|Otto",,,,,,,,
"La relación de compresión de un ciclo de Otto de aire estándar es 9.5. Antes del proceso de compresión isentrópica, el aire está a 100 kPa, 35 °C y 600 cm3. La temperatura al final del proceso de expansión isentrópica es de 800 K. Usando valo res de calores específicos a temperatura ambiente, determine a) la temperatura más alta y la presión más alta en el ciclo; b) la cantidad de calor transferido al fluido de trabajo, en kJ;  c) la eficiencia térmica, y d) la presión media efectiva.|Otto",,,,,,,,
"Un ciclo de Otto ideal con aire como fluido de tra bajo tiene una relación de compresión de 8. Las temperaturas mínima y máxima del ciclo son 540 y 2.400 R. Teniendo en cuenta la variación de calores específicos con la temperatura, determine a) la cantidad de calor transferido al aire durante el proceso de adición de calor, b) la eficiencia térmica y c) la eficiencia térmica de un ciclo de Carnot que opera entre los mismos límites de temperatura.|Otto",,,,,,,,
"Un motor de gasolina de cuatro cilindros y cuatro tiem pos, de 1.6 L, opera en ciclo de Otto con una relación de com presión de 11. El aire está a 100 kPa y 37 °C al inicio del pro ceso de compresión, y la presiónmáxima en el ciclo es de 8 MPa. Los procesos de compresión y expansión pueden mode larse como politrópicos, con una constante politrópica de 1.3. Usando calores específicos constantes a 850 K, determine a) la temperatura al final del proceso de expansión, b) la producción neta de trabajo y la eficiencia térmica, c) la presión media efec tiva, d) el número de revoluciones por minuto del motor para una producción de potencia neta de 50 kW y e) el consumo específico de combustible, en g/kWh, definido como la relación de la masa de combustible consumido al trabajo neto producido. La relación aire-combustible, definida como la cantidad de aire dividida entre la cantidad de combustible admitido, es 16.|Otto",,,,,,,,
"Un motor de gasolina de cuatro cilindros y cuatro tiem pos, de 1.6 L, opera en ciclo de Otto con una relación de com presión de 11. El aire está a 100 kPa y 37 °C al inicio del pro ceso de compresión, y la presión máxima en el ciclo es de 8 MPa. Los procesos de compresión y expansión pueden mode larse como politrópicos, con una constante politrópica de 1.3. Usando calores específicos constantes a 850 K, determine a) la temperatura al final del proceso de expansión, b) la producción neta de trabajo y la eficiencia térmica, c) la presión media efec tiva, d) el número de revoluciones por minuto del motor para una producción de potencia neta de 50 kW y e) el consumo específico de combustible, en g/kWh, definido como la relación de la masa de combustible consumido al trabajo neto producido. La relación aire-combustible, definida como la cantidad de aire dividida entre la cantidad de combustible admitido, es 16.|Otto",,,,,,,,
Un ciclo Diesel ideal tiene una relación de compresión de 20 y una relación de cierre de admisión de 1.3. Determine la temperatura máxima del aire y la tasa de adición de calor a este ciclo cuando produce 250 kW de potencia y el estado del aire al inicio de la compresión es 90 kPa y 15 °C. Use calores específicos constantes a temperatura ambiente. |Diesel,,,,,,,,
"Un ciclo Diesel ideal tiene una temperatura máxima de ciclo de 2.300 °F y una relación de cierre de admisión de 1.4. El estado del aire al principio de la compresión es P1  14.4 psia y T1   50 °F. Este ciclo se ejecuta en motor de cuatro tiempos, de ocho cilindros, con un diámetro interior de cilindro de 4 pulg y una carrera de pistón de 4 pulg. El volumen mínimo confinado en el cilindro es 4.5 por ciento del volumen máximo del cilindro. Determine la potencia que produce este motor cuando opera a 1.800 rpm. Use calores específicos constantes a temperatura ambiente.|Diesel",,,,,,,,
"Un ciclo dual de aire estándar tiene una relación de compresión de 14 y una relación de cierre de admisión de 1.2. La relación de presiones durante el proceso de adición de calor a volumen constante es 1.5. Determine la eficiencia térmica, la cantidad de calor agregada y la presión y la temperatura máxi mas del gas cuando se opera este ciclo a 80 kPa y 20 °C al principio de la compresión. Use calores específicos constantes a temperatura ambiente.|Diesel",,,,,,,,
"Un ciclo Diesel de aire estándar tiene una relación de compresión de 18.2. El aire está a 80 °F y 14.7 psia al inicio del proceso de compresión, y a 3.000 R al final del proceso de adición de calor. Tomando en cuenta las variaciones de calo res específicos con la temperatura, determine a) la relación de cierre de admisión, b) el rechazo de calor por unidad de masa y c) la eficiencia térmica.|Diesel",,,,,,,,
"Un motor ideal Diesel tiene una relación de compre sión de 20 y usa aire como fluido de trabajo. El estado del aire al principio del proceso de compresión es 95 kPa y 20 °C. Si la temperatura máxima en el ciclo no ha de exceder 2.200 K, determine a) la eficiencia térmica y b) la presión efectiva media. Suponga calores específicos constantes para el aire a tempera tura ambiente.|Diesel",,,,,,,,
"Un motor diesel de cuatro cilindros, de dos tiempos, de 2.0 L, que opera en un ciclo Diesel ideal tiene una relación de compresión de 22 y una relación de cierre de admisión de 1.8. El aire está a 70 °C y 97 kPa al principio del proceso de compresión. Usando las suposiciones de aire estándar frío, determine cuánta potencia entregará el motor a 2 300 rpm.|Diesel",,,,,,,,
"Un ciclo dual de aire estándar tiene una relación de compresión de 18 y una relación de cierre de admisión de 1.1. La relación de presiones durante el proceso de adición de calor a volumen constante es 1.1. Al principio de la compresión P1   90 kPa, T1   18 °C y V1   0.003 m3. ¿Cuánta poten cia producirá este ciclo cuando se ejecute 4.000 veces por minuto? Use calores específicos constantes a temperatura ambiente.|Diesel",,,,,,,,
"Un ciclo dual ideal tiene una relación de compre sión de 15 y una relación de cierre de admisión de 1.4. La relación de presiones durante el proceso de adición de calor a volumen constante es 1.1. El estado del aire al inicio de la compresión es P1   14.2 psia y T1   75 °F. Calcule el tra bajo neto espe-cífico del ciclo, la adición específica de calor y la eficiencia térmica. Use calores específicos constantes a temperatura ambiente.|Diesel",,,,,,,,
"Un motor de ignición por compresión de seis cilindros, cuatro tiempos, 3.2 L, opera en un ciclo Diesel ideal con una relación de compresión de 19. El aire está a 95 kPa y 67 °C al inicio del proceso de compresión y la velocidad de rotación del motor es de 1 750 rpm. El motor usa diesel ligero con un poder calorífico de 42,500 kJ/kg, una relación aire-combus tible de 28 y una eficiencia de combustión de 98 por ciento. Usando calores específicos constantes a 850 K, determine a) la temperatura máxima en el ciclo y la relación de cierre de admisión, b) la producción neta de trabajo por ciclo y la efi ciencia térmica, c) la presión media efectiva, d) la producción neta de potencia y e) el consumo específico de combustible, en g/kWh, definido como la relación de la masa de combusti ble consumido al trabajo neto producido.|Diesel",,,,,,,,
"Un ciclo de aire estándar, llamado ciclo dual, con calores específicos constantes, se lleva a cabo en un sistema cerrado de cilindro-émbolo, y está compuesto de los siguien tes cinco procesos: Compresión isentrópica con una relación de compresión, r = V1/V2 Adición de calor a volumen constante con una relación de presión, rp = P3P2 Una adición de calor a presión constante con una rela ción de volumen, rc = V4/V3 Expansión isentrópica mientras se realiza trabajo hasta V5 = V1 Rechazo de calor a volumen constante, hasta el estado inicial. a) Trace los diagramas P-v y T-s para este ciclo. b) Obtenga una expresión para la eficiencia térmica del ciclo como función de k, r, rc y rp. c) Evalúe el límite de la eficiencia cuando rp tiende a la uni dad, y compare su respuesta con la expresión para la efi ciencia del ciclo Diesel. d) Evalúe el límite de la eficiencia cuando rc tiende a la uni dad, y compare su respuesta con la expresión para eficien cia del ciclo de Otto.|Diesel",,,,,,,,
"Un ciclo Brayton ideal simple con aire como fluido de trabajo tiene una relación de presiones de 10. El aire entra al compresor a 520 R y a la turbina a 2.000 R. Tomando en cuenta la variación de calores específicos con la temperatura, determine a) la temperatura del aire a la salida del compresor, b) la relación del trabajo de retroceso y c) la eficiencia térmica.|Joule",,,,,,,,
"Un ciclo Brayton simple que usa aire como fluido de trabajo tiene una relación de presiones de 10. Las temperaturas mínima y máxima en el ciclo son 295 y 1.240 K. Suponiendo una eficiencia isentrópica de 83 por ciento para el compresor y 87 por ciento para la turbina, determine a) la temperatura del aire a la salida de la turbina, b) la producción neta de trabajo y c) la eficiencia térmica.|Joule",,,,,,,,
"Un ciclo Brayton ideal simple usa helio como fluido de trabajo, opera con 12 psia y 60 °F a la entrada del compre sor, tiene una relación de presiones de 14, y una temperatura máxima de ciclo de 1 300 °F. ¿Cuánta potencia producirá este ciclo cuando el flujo de circulación del helio por el ciclo es 100 lbm/min? Use calores específicos constantes a tempera tura ambiente.|Joule",,,,,,,,
"Considere un ciclo Brayton simple que usa aire como fluido de trabajo, tiene una relación de presiones de 12, una temperatura máxima de ciclo de 600 °C, y la entrada al com presor opera a 90 kPa y 15 °C. ¿Qué tendrá mayor impacto en la relación de trabajo de retroceso: una eficiencia isentrópica de compresor de 90 por ciento o una eficiencia isentrópica de turbina de 90 por ciento? Use calores específicos constantes a temperatura ambiente.|Joule",,,,,,,,
"Se usa aire como fluido de trabajo en un ciclo Brayton ideal simple que tiene una relación de presiones de 12, una temperatura de entrada al compresor de 300 K y una tempe ratura de entrada a la turbina de 1.000 K. Determine el flujo másico de aire necesario para una producción neta de poten cia de 70 MW, suponiendo que tanto el compresor como la turbina tienen una eficiencia isentrópica de a) 100 por ciento, y b) 85 por ciento. Suponga calores específicos constantes a temperatura ambiente.|Joule",,,,,,,,
"Entra aire al compresor de un ciclo de potencia de tur bina de gas a 300 K y 100 kPa, y se comprime a 700 kPa y 580 K. Se transfiere calor al aire en la cantidad de 950 kJ/kg antes de que entre a la turbina. Para una eficiencia de turbina de 86 por ciento, determine a) la fracción de la producción de trabajo de la turbina que se usa para accionar el compresor y b) la eficiencia térmica. Suponga calores específicos variables para el aire.|Joule",,,,,,,,
"Un motor de avión opera en un ciclo Brayton ideal simple con una relación de presiones de 10. Se agrega calor al ciclo a razón de 500 kW; el aire pasa a través del motor a razón de 1 kg/s, y el aire al principio de la compresión está a 70 kPa y 0 °C. Determine la potencia producida por este motor y su eficiencia térmica. Use calores específicos cons tantes a temperatura ambiente|Joule",,,,,,,,
"Una planta eléctrica de turbina de gas opera en un ciclo Brayton simple entre los límites de presión de 100 y 2 000 kPa. El fluido de trabajo es aire, que entra al compresor a 40 °C y una razón de 700 m3/min y sale de la turbina a 650 °C. Usando calores específicos variables para el aire y supo niendo una eficiencia isentrópica de compresión de 85 por ciento y una eficiencia isentrópica de turbina de 88 por ciento, determine a) la producción neta de potencia, b) la relación del trabajo de retroceso y c) la eficiencia térmica.|Joule",,,,,,,,
"Una planta eléctrica con turbina de gas opera en el ciclo Brayton simple entre los límites de presión de 100 y 800 kPa. El aire entra al compresor a 30 °C y sale a 330 °C a un flujo másico de 200 kg/s. La temperatura máxima del ciclo es 1 400 K. Durante la operación del ciclo, la producción neta de potencia se mide experimentalmente como 60 MW. Suponga propiedades constantes para el aire a 300 K, con cv = 0.718 kJ/kg · K, cp = 1.005 kJ/kg · K, R = 0.287 kJ/kg · K, k = 1.4. a) Trace el diagrama T-s para el ciclo. b) Determine la eficiencia isentrópica de la turbina para estas condiciones de operación. c) Determine la eficiencia térmica del ciclo.|Joule",,,,,,,,
"Una planta eléctrica con turbina de gas opera en un ciclo Brayton modificado como se muestra en la figura, con una relación total de presiones de 8. El aire entra al compresor a 0 °C y 100 kPa. La temperatura máxima del ciclo es 1 500 K. El compresor y las turbinas son isentrópicos. La turbina de alta presión desarrolla sólo la suficiente potencia para operar el compresor. Suponga propiedades constantes para el aire a 300 K, con cv = 0.718 kJ/kg · K, cp = 1.005 kJ/kg · K, R = 0.287 kJ/kg · K, k = 1.4. a) Trace el diagrama T-s para el ciclo. Marque los estados de referencia. b) Determine la temperatura y la presión en el estado 4, a la salida de la turbina de alta presión. c) Si la producción neta de potencia es 200 MW, determine el flujo másico del aire dentro del compresor, en kg/s.|Joule",,,,,,,,
"Una planta eléctrica con turbina de gas que opera en el ciclo Brayton simple tiene una relación de presiones de 7. El aire entra al compresor a 0 °C y 100 kPa. La temperatura máxima del ciclo es 1 500 K. El compresor tiene una eficien cia isentrópica de 80 por ciento, y la turbina una de 90 por ciento. Suponga propiedades constantes para el aire a 300 K, con cv   0.718 kJ/kg · K, cp   1.005 kJ/kg · K, R   0.287 kJ/kg · K, k   1.4. a) Trace el diagrama T-s para el ciclo. b) Si la salida neta de potencia es 150 MW, determine el flujo volumétrico del aire hacia el compresor, en m3/s. c) Para una velocidad fija de entrada al compresor y un área de flujo fija, explique el efecto de aumentar la tempera tura de entrada al compresor (es decir, operación de verano contra operación de invierno) sobre el flujo másico de entrada y la salida neta de potencia, con todos los demás parámetros sin cambio|Joule",,,,,,,,
"Un ciclo de Otto con una relación de compresión de 7 comienza su compresión a 90 kPa y 15 °C. La tempera tura máxima del ciclo es 1 000 °C. Utilizando las suposicio nes de aire estándar, determine la eficiencia térmica de este ciclo usando a) calores específicos constantes a temperatura ambiente y b) calores específicos variables.|Otto",,,,,,,,
"Un motor de cuatro cilindros de ignición por chispa tiene una relación de compresión de 10.5, y cada cilindro tiene un volumen máximo de 0.4 L. Al princi pio del proceso de compresión, el aire está a 98 kPa y 37 °C, y la temperatura máxima en el ciclo es 2 100 K. Suponiendo que el motor opera en el ciclo ideal de Otto, determine a) la cantidad de calor suministrado por cilindro, b) la eficiencia térmica y c) el número de revoluciones por minuto necesario para una producción neta de potencia de 45 kW. Suponga calores específicos variables para el aire.|Otto",,,,,,,,
"Un combustible típico de hidrocarburos produce 43,000 kJ/kg de calor cuando se usa en un motor de ignición por chispa. Determine la relación de compresión que se nece sita para que un ciclo ideal de Otto use 0.035 gramos de com bustible para producir 1 kJ de trabajo. Use calores específicos constantes a temperatura ambiente. |Otto",,,,,,,,
"Un ciclo ideal de Otto tiene una relación de compre sión de 9.2 y usa aire como fluido de trabajo. Al inicio del proceso de compresión, el aire está a 98 kPa y 27 °C. La pre sión se duplica durante el proceso de adición de calor a volu men constante. Tomando en cuenta la variación de los calores específicos con la temperatura, determine a) la cantidad de calor que se transfiere al aire, b) la producción neta de trabajo, c) la eficiencia térmica y d) la presión media efectiva para el ciclo.|Otto",,,,,,,,
"Un ciclo Diesel tiene una relación de compresión de 20 y comienza su compresión a 13 psia y 45 °F. La tem peratura máxima del ciclo es 1.800 °F. Usando suposicio nes de aire estándar, determine la eficiencia térmica de este ciclo usando a) calores específicos constantes a temperatura ambiente y b) calores específicos variables.|Diesel",,,,,,,,
"Un motor diesel V-16 de cuatro tiempos, con tur bocargador, construido por GE Transportation Systems para accionar trenes rápidos, produce 3.500 hp a 1.200 rpm. Deter mine la cantidad de potencia producida por cilindro por a) ciclo mecánico y b) ciclo termodinámico.|Diesel",,,,,,,,
"Un ciclo Brayton con una relación de presiones de 12 opera con aire que entra al compresor a 13 psia y 20 °F, y a la turbina a 1 000 °F. Calcule el trabajo neto específico producido por este ciclo, tratando el aire como gas ideal con a) calores específicos constantes a temperatura ambiente y b) calores específicos variables.|Joule",,,,,,,,
"Considere un ciclo Brayton ideal simple que opera entre los límites de temperatura de 300 y 1.500 K. Usando calores específicos constantes a temperatura ambiente, deter mine la relación de presiones para la cual son iguales las tem peraturas de salida del compresor y la turbina.|Joule",,,,,,,,
"Considere un ciclo Brayton ideal simple con aire como fluido de trabajo. La relación de presiones del ciclo es 6, y las temperaturas mínima y máxima son 300 y 1.300 K. Ahora se duplica la relación de presiones sin cambiar las tem peraturas mínima y máxima del ciclo. Determine el cambio en a) la producción neta de trabajo por unidad de masa y b) la eficiencia térmica del ciclo como resultado de esta modifica ción. Suponga calores específicos variables para el aire.|Joule",,,,,,,,
"Una planta de turbina de gas opera en el ciclo Brayton regenerativo con dos etapas de recalentamiento y dos etapas de interenfriamiento entre los límites de presión de 100 y 1 200 kPa. El fluido de trabajo es aire. El aire entra a la primera y a la segunda etapas del compresor a 300 K y 350 K, respectiva mente, y a la primera y segunda etapas de la turbina, a 1 400 K y 1.300 K, respectivamente. Suponiendo que tanto el com presor como la turbina tienen una eficiencia isentrópica de 80 por ciento y que el regenerador tiene una efectividad de 75 porciento, y usando calores específicos variables, determine a) larelación del trabajo de retroceso y la producción neta de traba jo, b) la eficiencia térmica y c) la eficiencia según la segunda ley del ciclo. También determine d) las exergías en las salidas de la cámara de combustión (estado 6) y el regenerador (estado 10). (Vea la figura 9-43 en el texto.)|Joule",,,,,,,,
"Las necesidades de electricidad y calor de una planta se deben satisfacer mediante una fábrica que consiste en una turbina de gas y un intercambiador de calor para la producción de vapor de agua. La planta opera en un ciclo Brayton simple entre los límites de presión de 100 y 1.000 kPa con aire como fluido de trabajo. El aire entra al compresor a 20 °C. Los gases de combustión salen de la turbina y entran al intercambiador de calor a 450 °C, y salen del intercambiador de calor a 325 °C, mientras el agua líquida entra al intercambiador de calor a 15 °C y sale a 200 °C como vapor saturado. La potencia neta producida por el ciclo de turbina de gas es de 1 500 kW. Suponiendo una eficiencia isentrópica del compresor de 86 por ciento y una eficiencia isentrópica de la turbina de 88 por ciento, y usando calores específicos variables, determine a) el flujo másico de aire, b) la relación del trabajo de retroceso y la eficiencia térmica y c) la tasa de producción de vapor de agua en el intercambiador de calor. También determine d) la eficiencia de utilización de la planta de cogeneración, defi nida como la relación de la energía total utilizada a la energía suministrada a la planta.|Joule",,,,,,,,
"Se le ha pedido diseñar una planta de generación eléc trica en un laboratorio establecido en la Luna. Usted ha seleccionado un ciclo Brayton simple que usa argón como fluido de trabajo y tiene una relación de presiones de 6. El intercam biador de calor de rechazo de calor mantiene el estado a la entrada del compresor a 50 kPa y  20 °C. Usted ha decidido usar colectores solares para servir como fuente de calor. Las pruebas de estos colectores dan los resultados de aumento de temperatura que se muestran en la figura. Desarrolle una grá fica de la potencia que producirá este sistema, y su eficiencia térmica, como función del flujo másico de argón. ¿Hay un flujo másico “óptimo” con el que se debe operar esta planta de generación eléctrica?|Joule",,,,,,,,
"Gases de escape de la turbina de un ciclo Brayton simple son bastante calientes y se pueden usar para otros pro pósitos térmicos. Un uso propuesto es generar vapor saturado a 110 °C de agua a 30 °C en una caldera. Este vapor se distri buirá a varios edificios en un campus universitario para cale facción de espacios. Para este fin se va a usar un ciclo Bra yton con una relación de presiones de 6. Grafique la potencia producida, el flujo de vapor de agua producido y la tempera tura máxima del ciclo como funciones de la tasa de adición de calor al ciclo. La temperatura a la entrada de la turbina no debe exceder 2.000 °C.|Joule",,,,,,,,
"Un ingeniero ha propuesto usar un ciclo Rankine ideal simple que usa refrigerante 134a para producir trabajo con calor de un depósito de energía térmica de baja tempera tura. La caldera opera a 1.6 MPa, el condensador a 0.4 MPa, y la entrada de la turbina a 80 °C. Determine el flujo másico de 134a necesario para que este ciclo produzca 750 kW de potencia, y la eficiencia térmica del ciclo.|Rankine",,,,,,,,
"Se usa refrigerante 134a como fluido de trabajo en un ciclo Rankine ideal simple que opera la caldera a 1 400 kPa y el condensador a 10 °C. La mezcla a la salida de la turbina tiene una calidad de 98 por ciento. Determine la temperatura de entrada a la turbina, la eficiencia térmica del ciclo y la relación de trabajo de retroceso de este ciclo.|Rankine",,,,,,,,
"Un ciclo Rankine ideal simple que usa agua como fluido de trabajo opera su condensador a 40 °C y su caldera a 300 °C. Calcule el trabajo que produce la turbina, el calor que se suministra en la caldera, y la eficiencia térmica de este ciclo cuando el vapor entra a la turbina sin ningún sobrecalen tamiento.|Rankine",,,,,,,,
" La turbina de una planta eléctrica de vapor que opera en un ciclo Rankine ideal simple produce 1 750 kW de poten cia cuando la caldera opera a 800 psia, el condensador a 3 psia, y la temperatura a la entrada de la turbina es 900 °F. Determine la tasa de suministro de calor en la caldera, la tasa de rechazo de calor en el condensador y la eficiencia térmica del ciclo.|Rankine",,,,,,,,
"Un ciclo Rankine ideal simple con agua como fluido de trabajo opera entre los límites de presión de 2 500 psia en la caldera y 5 psia en el condensador. ¿Cuál es la tempera tura mínima necesaria a la entrada de la turbina para que la calidad del vapor que sale de la turbina no sea menor de 80 por ciento? Cuando se opera a esta temperatura, ¿cuál es la eficiencia térmica del ciclo?|Rankine",,,,,,,,
"Un ciclo Rankine de vapor de agua opera entre los límites de presión de 2.500 psia en la caldera y 1 psia en el condensador. La temperatura a la entrada de la turbina es de 800 °F. La eficiencia isentrópica de la turbina es de 90 por ciento, las pérdidas de la bomba son despreciables y el ciclo está diseñado para producir 1.000 kW de potencia. Calcule el flujo másico a través de la caldera, la potencia que produce la turbina, la tasa de suministro de calor en la caldera y la eficiencia térmica.|Rankine",,,,,,,,
"Considere una planta eléctrica de vapor de agua que opera en un ciclo Rankine ideal simple y tiene una producción neta de potencia de 45 MW. El vapor entra a la turbina a 7 MPa y 500 °C y se enfría en el condensador a una presión de 10 kPa mediante la circulación de agua de enfriamiento de un lago por los tubos del condensador a razón de 2.000 kg/s. Muestre el ciclo en un diagrama T-s con respecto a las líneas de saturación y determine a) la eficiencia térmica del ciclo, b) el flujo másico del vapor y c) la elevación de temperatura del agua de enfriamiento.|Rankine",,,,,,,,
"Un ciclo Rankine simple usa agua como fluido de tra bajo. La caldera opera a 6 000 kPa y el condensador a 50 kPa. A la entrada de la turbina, la temperatura es 450 °C. La efi ciencia isentrópica de la turbina es 94 por ciento, las pérdidas de presión y de bomba son despreciables, y el agua que sale del condensador está subenfriada en 6.3 °C. La caldera está diseñada para un flujo másico de 20 kg/s. Determine la tasa de adición de calor en la caldera, la potencia necesaria para operar las bombas, la potencia neta producida por el ciclo, y la eficiencia térmica.|Rankine",,,,,,,,
"Se deben calcular y comparar la producción neta de trabajo y la eficiencia térmica para los ciclos Carnot y Ran kine ideal simple. El vapor de agua entra a la turbina en ambos casos a 5 MPa como vapor saturado y la presión del condensador es de 50 kPa. En el ciclo Rankine, el estado de salida del condensador es líquido saturado y en el ciclo Carnot el estado de entrada a la caldera es líquido saturado. Trace diagramas T-s para ambos ciclos.|Rankine",,,,,,,,
"Considere una planta termoeléctrica que quema el car bón y que produce 120 MW de potencia eléctrica. La planta opera en un ciclo Rankine ideal simple con condiciones de entrada a la turbina de 9 MPa y 550 °C, y una presión del condensador de 15 kPa. El carbón tiene un poder calorífico (energía liberada cuando se quema el combustible) de 29,300 kJ/kg. Suponiendo que 75 por ciento de esta energía se trans fiere al vapor de agua en la caldera, y que el generador eléc trico tiene una eficiencia de 96 por ciento, determine a) la eficiencia total de la planta (la relación de producción neta de potencia eléctrica a entrada de energía como resultado de combustión de combustible) y b) la tasa necesaria de suministro de carbon.|Rankine",,,,,,,,
"En la figura P10-27 se da el esquema de una planta geotérmica de una sola cámara de vaporización instantánea, con números de estados indicados. El recurso geotérmico está disponible como líquido saturado a 230 °C. El líquido geotér mico se saca del pozo de producción a razón de 230 kg/s, y se estrangula de la cámara de vaporización instantánea a una presión de 500 kPa, mediante un proceso esencialmente isentálpico, al separador donde se separa el vapor resultante del líquido y se conduce a la turbina. El vapor sale de la turbina a 10 kPa con un contenido de humedad de 10 por ciento, y entra al condensador donde se condensa y se conduce a un pozo de reinyección al suelo, junto con el líquido que viene del separador. Determine a) el flujo másico del vapor a través de la turbina, b) la eficiencia isentrópica de la turbina, c) la producción de potencia por la turbina y d) la eficiencia tér mica de la planta (la relación de la producción de trabajo por la turbina a la energía del fluido geotérmico relativa a las con diciones ambientales estándar)|Rankine",,,,,,,,
